PosCt,NeuCt,NegCt,PosPer,NeuPer,NegPer,PosReply,PosRetweet,PosLike,PosQuote,NeuReply,NeuRetweet,NeuLike,NeuQuote,NegReply,NegRetweet,NegLike,NegQuote,Number Games,Total Attendance,MonDate_current,MonDate_next,Close_current,CLose_next,Label
0,1,0,0.0,1.0,0.0,0.0,0.0,0.0,0.0,0.0,0.0,1.0,0.0,0.0,0.0,0.0,0.0,10,172172,2006-11-06,2006-11-13,1382.84,1393.22,1
0,0,0,0.0,0.0,0.0,0.0,0.0,0.0,0.0,0.0,0.0,0.0,0.0,0.0,0.0,0.0,0.0,0,0,2006-11-13,2006-11-20,1393.22,1402.81,1
0,1,0,0.0,1.0,0.0,0.0,0.0,0.0,0.0,0.0,0.0,0.0,0.0,0.0,0.0,0.0,0.0,10,177584,2006-12-11,2006-12-18,1411.56,1425.55,1
1,2,0,0.3333333333333333,0.6666666666666666,0.0,0.0,0.0,0.0,0.0,0.0,0.0,0.0,0.0,0.0,0.0,0.0,0.0,24,426496,2006-12-18,2006-12-25,1425.55,1416.9,0
0,0,0,0.0,0.0,0.0,0.0,0.0,0.0,0.0,0.0,0.0,0.0,0.0,0.0,0.0,0.0,0.0,0,0,2006-12-25,2007-01-01,1416.9,1416.6,0
0,0,0,0.0,0.0,0.0,0.0,0.0,0.0,0.0,0.0,0.0,0.0,0.0,0.0,0.0,0.0,0.0,0,0,2007-01-01,2007-01-08,1416.6,1412.11,0
0,0,0,0.0,0.0,0.0,0.0,0.0,0.0,0.0,0.0,0.0,0.0,0.0,0.0,0.0,0.0,0.0,0,0,2007-01-15,2007-01-22,1431.9,1427.99,0
0,0,0,0.0,0.0,0.0,0.0,0.0,0.0,0.0,0.0,0.0,0.0,0.0,0.0,0.0,0.0,0.0,0,0,2007-01-22,2007-01-29,1427.99,1428.82,1
0,2,0,0.0,1.0,0.0,0.0,0.0,0.0,0.0,0.0,0.0,0.0,0.0,0.0,0.0,0.0,0.0,13,233239,2007-01-29,2007-02-05,1428.82,1448.0,1
0,5,0,0.0,1.0,0.0,0.0,0.0,0.0,0.0,0.0,0.0,0.0,0.0,0.0,0.0,0.0,0.0,27,485725,2007-02-05,2007-02-12,1448.0,1444.26,0
0,0,0,0.0,0.0,0.0,0.0,0.0,0.0,0.0,0.0,0.0,0.0,0.0,0.0,0.0,0.0,0.0,0,0,2007-02-12,2007-02-19,1444.26,1459.68,1
0,4,0,0.0,1.0,0.0,0.0,0.0,0.0,0.0,0.0,0.0,0.0,0.0,0.0,0.0,0.0,0.0,17,314358,2007-02-19,2007-02-26,1459.68,1399.04,0
0,6,0,0.0,1.0,0.0,0.0,0.0,0.0,0.0,1.0,0.0,0.0,0.0,0.0,0.0,0.0,0.0,18,298789,2007-02-26,2007-03-05,1399.04,1395.41,0
0,3,0,0.0,1.0,0.0,0.0,0.0,0.0,0.0,1.0,0.0,0.0,0.0,0.0,0.0,0.0,0.0,18,321660,2007-03-05,2007-03-12,1395.41,1377.95,0
0,14,0,0.0,1.0,0.0,0.0,0.0,0.0,0.0,1.0,1.0,2.0,1.0,0.0,0.0,0.0,0.0,47,832846,2007-03-12,2007-03-19,1377.95,1410.94,1
0,9,0,0.0,1.0,0.0,0.0,0.0,0.0,0.0,0.0,0.0,0.0,0.0,0.0,0.0,0.0,0.0,36,647318,2007-03-19,2007-03-26,1410.94,1428.61,1
0,20,0,0.0,1.0,0.0,0.0,0.0,0.0,0.0,0.0,0.0,1.0,0.0,0.0,0.0,0.0,0.0,46,836001,2007-03-26,2007-04-02,1428.61,1437.77,1
1,16,1,0.05555555555555555,0.8888888888888888,0.05555555555555555,0.0,0.0,0.0,0.0,0.0,6.0,1.0,0.0,0.0,0.0,0.0,0.0,30,554503,2007-04-02,2007-04-09,1437.77,1448.39,1
1,25,1,0.037037037037037035,0.9259259259259259,0.037037037037037035,0.0,0.0,0.0,0.0,0.0,0.0,1.0,0.0,0.0,0.0,0.0,0.0,46,856135,2007-04-09,2007-04-16,1448.39,1471.48,1
1,47,1,0.02040816326530612,0.9591836734693877,0.02040816326530612,0.0,0.0,0.0,0.0,0.0,0.0,0.0,0.0,0.0,0.0,0.0,0.0,28,517821,2007-04-16,2007-04-23,1471.48,1480.41,1
4,60,0,0.0625,0.9375,0.0,0.0,0.0,0.0,0.0,1.0,0.0,4.0,0.0,0.0,0.0,0.0,0.0,20,393869,2007-04-23,2007-04-30,1480.41,1486.3,1
1,80,1,0.012195121951219513,0.975609756097561,0.012195121951219513,0.0,0.0,0.0,0.0,0.0,0.0,0.0,0.0,0.0,0.0,0.0,0.0,11,215968,2007-04-30,2007-05-07,1486.3,1507.72,1
4,44,1,0.08163265306122448,0.8979591836734694,0.02040816326530612,0.0,0.0,0.0,0.0,0.0,0.0,1.0,0.0,0.0,0.0,0.0,0.0,9,185619,2007-05-07,2007-05-14,1507.72,1501.19,0
0,52,0,0.0,1.0,0.0,0.0,0.0,0.0,0.0,0.0,0.0,0.0,0.0,0.0,0.0,0.0,0.0,8,161130,2007-05-14,2007-05-21,1501.19,1524.12,1
0,25,1,0.0,0.9615384615384616,0.038461538461538464,0.0,0.0,0.0,0.0,0.0,0.0,0.0,0.0,0.0,0.0,0.0,0.0,4,81346,2007-05-21,2007-05-28,1524.12,1518.11,0
1,30,0,0.03225806451612903,0.967741935483871,0.0,0.0,0.0,0.0,0.0,0.0,0.0,0.0,0.0,0.0,0.0,0.0,0.0,4,81997,2007-05-28,2007-06-04,1518.11,1530.95,1
0,3,0,0.0,1.0,0.0,0.0,0.0,0.0,0.0,0.0,0.0,0.0,0.0,0.0,0.0,0.0,0.0,1,18797,2007-06-04,2007-06-11,1530.95,1493.0,0
0,7,0,0.0,1.0,0.0,0.0,0.0,0.0,0.0,0.0,0.0,0.0,0.0,0.0,0.0,0.0,0.0,1,20562,2007-06-11,2007-06-18,1493.0,1533.7,1
3,107,0,0.02727272727272727,0.9727272727272728,0.0,0.0,0.0,0.0,0.0,0.0,0.0,0.0,0.0,0.0,0.0,0.0,0.0,39,707829,2007-10-29,2007-11-05,1531.02,1520.27,0
4,87,1,0.043478260869565216,0.9456521739130435,0.010869565217391304,0.0,0.0,0.0,0.0,0.0,0.0,0.0,0.0,0.0,0.0,0.0,0.0,49,814957,2007-11-05,2007-11-12,1520.27,1481.05,0
1,85,0,0.011627906976744186,0.9883720930232558,0.0,0.0,0.0,0.0,0.0,0.0,0.0,1.0,0.0,0.0,0.0,0.0,0.0,49,800208,2007-11-12,2007-11-19,1481.05,1439.7,0
1,29,0,0.03333333333333333,0.9666666666666667,0.0,0.0,0.0,0.0,0.0,0.0,2.0,0.0,0.0,0.0,0.0,0.0,0.0,48,826161,2007-11-19,2007-11-26,1439.7,1428.23,0
0,55,0,0.0,1.0,0.0,0.0,0.0,0.0,0.0,0.0,0.0,2.0,0.0,0.0,0.0,0.0,0.0,46,780272,2007-11-26,2007-12-03,1428.23,1462.79,1
0,78,0,0.0,1.0,0.0,0.0,0.0,0.0,0.0,0.0,0.0,1.0,0.0,0.0,0.0,0.0,0.0,45,750014,2007-12-03,2007-12-10,1462.79,1477.65,1
0,73,0,0.0,1.0,0.0,0.0,0.0,0.0,0.0,1.0,3.0,1.0,1.0,0.0,0.0,0.0,0.0,48,815893,2007-12-10,2007-12-17,1477.65,1454.98,0
0,87,0,0.0,1.0,0.0,0.0,0.0,0.0,0.0,0.0,0.0,0.0,0.0,0.0,0.0,0.0,0.0,43,722277,2007-12-17,2007-12-24,1454.98,1497.66,1
0,116,0,0.0,1.0,0.0,0.0,0.0,0.0,0.0,0.0,0.0,0.0,0.0,0.0,0.0,0.0,0.0,41,744484,2007-12-24,2007-12-31,1497.66,1447.16,0
1,77,0,0.01282051282051282,0.9871794871794872,0.0,0.0,0.0,0.0,0.0,0.0,0.0,1.0,0.0,0.0,0.0,0.0,0.0,41,720494,2007-12-31,2008-01-07,1447.16,1390.19,0
1,122,0,0.008130081300813009,0.991869918699187,0.0,0.0,0.0,0.0,0.0,0.0,0.0,0.0,0.0,0.0,0.0,0.0,0.0,47,807861,2008-01-07,2008-01-14,1390.19,1380.95,0
1,97,0,0.01020408163265306,0.9897959183673469,0.0,0.0,0.0,0.0,0.0,0.0,0.0,0.0,0.0,0.0,0.0,0.0,0.0,41,705676,2008-01-14,2008-01-21,1380.95,1310.5,0
0,97,0,0.0,1.0,0.0,0.0,0.0,0.0,0.0,0.0,0.0,0.0,0.0,0.0,0.0,0.0,0.0,44,755402,2008-01-21,2008-01-28,1310.5,1362.3,1
0,156,0,0.0,1.0,0.0,0.0,0.0,0.0,0.0,0.0,1.0,0.0,0.0,0.0,0.0,0.0,0.0,42,705817,2008-01-28,2008-02-04,1362.3,1336.64,0
2,220,0,0.009009009009009009,0.990990990990991,0.0,0.0,0.0,0.0,0.0,0.0,0.0,0.0,0.0,0.0,0.0,0.0,0.0,44,784078,2008-02-04,2008-02-11,1336.64,1348.86,1
1,103,0,0.009615384615384616,0.9903846153846154,0.0,0.0,0.0,0.0,0.0,0.0,0.0,1.0,0.0,0.0,0.0,0.0,0.0,22,372320,2008-02-11,2008-02-18,1348.86,1348.78,0
2,238,1,0.008298755186721992,0.9875518672199171,0.004149377593360996,0.0,0.0,0.0,0.0,1.0,0.0,1.0,0.0,0.0,0.0,0.0,0.0,41,732545,2008-02-18,2008-02-25,1348.78,1381.29,1
2,213,0,0.009302325581395349,0.9906976744186047,0.0,0.0,0.0,0.0,0.0,0.0,0.0,0.0,0.0,0.0,0.0,0.0,0.0,49,844689,2008-02-25,2008-03-03,1381.29,1326.75,0
2,243,0,0.00816326530612245,0.9918367346938776,0.0,0.0,0.0,0.0,0.0,0.0,0.0,2.0,0.0,0.0,0.0,0.0,0.0,50,902214,2008-03-03,2008-03-10,1326.75,1320.65,0
1,249,0,0.004,0.996,0.0,0.0,0.0,0.0,0.0,0.0,0.0,7.0,0.0,0.0,0.0,0.0,0.0,45,820208,2008-03-10,2008-03-17,1320.65,1330.74,1
2,197,1,0.01,0.985,0.005,0.0,0.0,0.0,0.0,0.0,0.0,3.0,0.0,0.0,0.0,0.0,0.0,45,822501,2008-03-17,2008-03-24,1330.74,1352.99,1
0,245,1,0.0,0.9959349593495935,0.0040650406504065045,0.0,0.0,0.0,0.0,0.0,0.0,8.0,2.0,0.0,0.0,0.0,0.0,47,855027,2008-03-24,2008-03-31,1352.99,1370.18,1
1,220,0,0.004524886877828055,0.995475113122172,0.0,0.0,0.0,0.0,0.0,0.0,0.0,1.0,1.0,0.0,0.0,0.0,0.0,48,834320,2008-03-31,2008-04-07,1370.18,1365.54,0
2,224,0,0.008849557522123894,0.9911504424778761,0.0,0.0,0.0,0.0,0.0,0.0,11.0,10.0,0.0,0.0,0.0,0.0,0.0,39,740005,2008-04-07,2008-04-14,1365.54,1334.43,0
4,410,0,0.00966183574879227,0.9903381642512077,0.0,0.0,0.0,0.0,0.0,0.0,3.0,1.0,0.0,0.0,0.0,0.0,0.0,28,527275,2008-04-14,2008-04-21,1334.43,1375.94,1
12,672,2,0.01749271137026239,0.9795918367346939,0.0029154518950437317,0.0,0.0,0.0,0.0,0.0,0.0,1.0,0.0,0.0,0.0,0.0,0.0,20,389281,2008-04-21,2008-04-28,1375.94,1390.94,1
14,739,6,0.01844532279314888,0.9736495388669302,0.007905138339920948,0.0,0.0,0.0,0.0,0.0,6.0,6.0,0.0,0.0,0.0,0.0,0.0,14,268964,2008-04-28,2008-05-05,1390.94,1418.26,1
16,645,1,0.02416918429003021,0.974320241691843,0.0015105740181268882,0.0,0.0,0.0,0.0,1.0,6.0,0.0,0.0,0.0,0.0,0.0,0.0,10,189261,2008-05-05,2008-05-12,1418.26,1403.04,0
7,519,2,0.013257575757575758,0.9829545454545454,0.003787878787878788,0.0,0.0,0.0,0.0,0.0,1.0,0.0,0.0,0.0,0.0,0.0,0.0,8,155837,2008-05-12,2008-05-19,1403.04,1413.4,1
8,789,3,0.01,0.98625,0.00375,0.0,0.0,0.0,0.0,1.0,8.0,10.0,1.0,0.0,0.0,0.0,0.0,6,116115,2008-05-19,2008-05-26,1413.4,1385.35,0
14,567,3,0.023972602739726026,0.9708904109589042,0.005136986301369863,0.0,0.0,0.0,0.0,0.0,0.0,4.0,0.0,0.0,0.0,0.0,0.0,4,78494,2008-05-26,2008-06-02,1385.35,1377.65,0
1,115,0,0.008620689655172414,0.9913793103448276,0.0,0.0,0.0,0.0,0.0,0.0,0.0,0.0,0.0,0.0,0.0,0.0,0.0,1,18624,2008-06-02,2008-06-09,1377.65,1358.44,0
4,245,1,0.016,0.98,0.004,0.0,0.0,0.0,0.0,0.0,0.0,0.0,0.0,0.0,0.0,0.0,0.0,2,37994,2008-06-09,2008-06-16,1358.44,1350.93,0
0,0,0,0.0,0.0,0.0,0.0,0.0,0.0,0.0,0.0,0.0,0.0,0.0,0.0,0.0,0.0,0.0,0,0,2008-06-16,2008-06-23,1350.93,1314.29,0
27,1717,6,0.015428571428571429,0.9811428571428571,0.0034285714285714284,0.0,0.0,0.0,0.0,0.0,1.0,10.0,0.0,0.0,0.0,0.0,0.0,38,702247,2008-10-27,2008-11-03,940.51,1005.75,1
23,1544,3,0.01464968152866242,0.9834394904458599,0.001910828025477707,0.0,0.0,0.0,0.0,0.0,1.0,8.0,0.0,0.0,0.0,0.0,0.0,45,775021,2008-11-03,2008-11-10,1005.75,898.95,0
15,1657,10,0.0089179548156956,0.9851367419738407,0.005945303210463734,0.0,0.0,0.0,0.0,1.0,5.0,11.0,1.0,0.0,0.0,0.0,0.0,48,790720,2008-11-10,2008-11-17,898.95,859.12,0
17,1792,7,0.009361233480176211,0.986784140969163,0.003854625550660793,0.0,0.0,0.0,0.0,0.0,3.0,22.0,0.0,0.0,0.0,0.0,0.0,49,830446,2008-11-17,2008-11-24,859.12,857.39,0
14,1505,4,0.009192383453709783,0.9881812212738017,0.0026263952724885093,0.0,0.0,0.0,0.0,1.0,2.0,7.0,0.0,0.0,0.0,0.0,0.0,47,828371,2008-11-24,2008-12-01,857.39,848.81,0
27,1797,5,0.014762165117550574,0.9825041006014216,0.002733734281027884,0.0,0.0,0.0,0.0,2.0,6.0,11.0,2.0,0.0,0.0,0.0,0.0,46,773789,2008-12-01,2008-12-08,848.81,888.67,1
23,2166,4,0.010487916096671226,0.987688098495212,0.001823985408116735,0.0,0.0,0.0,0.0,1.0,0.0,8.0,0.0,0.0,0.0,0.0,0.0,46,814420,2008-12-08,2008-12-15,888.67,913.18,1
23,2085,3,0.010895310279488394,0.9876835622927522,0.0014211274277593558,0.0,0.0,0.0,0.0,1.0,1.0,12.0,0.0,0.0,0.0,0.0,0.0,43,715621,2008-12-15,2008-12-22,913.18,863.16,0
34,1733,4,0.019198193111236588,0.9785431959345002,0.002258610954263128,0.0,0.0,0.0,0.0,1.0,16.0,27.0,0.0,0.0,0.0,0.0,0.0,41,731753,2008-12-22,2008-12-29,863.16,890.64,1
17,1740,3,0.009659090909090909,0.9886363636363636,0.0017045454545454545,0.0,0.0,0.0,0.0,1.0,1.0,11.0,0.0,0.0,0.0,0.0,0.0,43,767404,2008-12-29,2009-01-05,890.64,934.7,1
14,2238,5,0.006202924235711121,0.9915817456801064,0.002215330084182543,0.0,0.0,0.0,0.0,0.0,4.0,13.0,0.0,0.0,0.0,0.0,0.0,47,814920,2009-01-05,2009-01-12,934.7,871.79,0
35,2521,6,0.01366120218579235,0.9839968774395004,0.00234192037470726,0.0,0.0,0.0,0.0,1.0,5.0,34.0,2.0,0.0,0.0,0.0,0.0,42,732694,2009-01-12,2009-01-19,871.79,805.22,0
30,2550,7,0.011596443757247778,0.9856977193660611,0.002705836876691148,0.0,0.0,2.0,0.0,0.0,3.0,17.0,0.0,0.0,0.0,0.0,0.0,42,750469,2009-01-19,2009-01-26,805.22,845.71,1
28,2658,4,0.010408921933085501,0.9881040892193309,0.001486988847583643,0.0,0.0,0.0,0.0,2.0,5.0,34.0,0.0,0.0,0.0,0.0,0.0,44,767196,2009-01-26,2009-02-02,845.71,838.51,0
24,3784,12,0.0062827225130890054,0.9905759162303664,0.0031413612565445027,0.0,0.0,0.0,0.0,34.0,54.0,119.0,9.0,0.0,0.0,0.0,0.0,46,784897,2009-02-02,2009-02-09,838.51,827.16,0
15,2103,3,0.007072135785007072,0.9915134370579916,0.0014144271570014145,0.0,0.0,0.0,0.0,16.0,6.0,20.0,2.0,0.0,0.0,0.0,0.0,24,423251,2009-02-09,2009-02-16,827.16,789.17,0
42,4652,15,0.00891909110214483,0.9878955192185177,0.003185389679337439,0.0,0.0,1.0,0.0,7.0,26.0,88.0,1.0,0.0,0.0,0.0,0.0,38,692102,2009-02-16,2009-02-23,789.17,773.14,0
66,5168,29,0.012540376211286338,0.9819494584837545,0.005510165304959149,0.0,0.0,1.0,0.0,3.0,1.0,73.0,0.0,0.0,0.0,0.0,0.0,50,887793,2009-02-23,2009-03-02,773.14,696.33,0
66,5006,17,0.01296914914521517,0.9836903124385931,0.003340538416191786,0.0,0.0,2.0,0.0,0.0,9.0,92.0,0.0,0.0,0.0,0.0,0.0,46,826966,2009-03-02,2009-03-09,696.33,719.6,1
84,5670,20,0.014547973675095255,0.9819882230689296,0.0034638032559750607,0.0,0.0,0.0,0.0,0.0,6.0,136.0,0.0,0.0,0.0,0.0,0.0,47,825679,2009-03-09,2009-03-16,719.6,778.12,1
75,7177,13,0.01032346868547832,0.9878871300757054,0.0017894012388162423,0.0,0.0,1.0,0.0,8.0,9.0,147.0,1.0,0.0,0.0,0.0,0.0,47,851140,2009-03-16,2009-03-23,778.12,806.12,1
116,7968,21,0.01431215299198026,0.9830968537939544,0.002590993214065392,0.0,1.0,4.0,0.0,39.0,184.0,488.0,22.0,0.0,0.0,0.0,0.0,45,845035,2009-03-23,2009-03-30,806.12,811.08,1
127,8397,46,0.014819136522753792,0.9798133022170362,0.005367561260210035,0.0,0.0,1.0,0.0,7.0,13.0,197.0,2.0,0.0,0.0,0.0,0.0,49,892110,2009-03-30,2009-04-06,811.08,815.55,1
100,8894,15,0.0111000111000111,0.9872349872349873,0.001665001665001665,0.0,1.0,0.0,0.0,4.0,20.0,242.0,1.0,0.0,0.0,0.0,0.0,40,728227,2009-04-06,2009-04-13,815.55,841.5,1
348,12307,34,0.027425329025139885,0.9698951848057372,0.0026794861691228624,0.0,0.0,11.0,0.0,4.0,22.0,292.0,2.0,0.0,0.0,0.0,0.0,25,466283,2009-04-13,2009-04-20,841.5,850.08,1
455,20254,120,0.021844543665082337,0.9723942580056651,0.005761198329252484,0.0,4.0,23.0,0.0,8.0,32.0,466.0,4.0,0.0,0.0,3.0,0.0,20,394317,2009-04-20,2009-04-27,850.08,855.16,1
557,22297,184,0.024177445958850595,0.9678357496310444,0.007986804410105044,0.0,3.0,8.0,0.0,7.0,46.0,437.0,3.0,0.0,0.0,0.0,0.0,13,249355,2009-04-27,2009-05-04,855.16,903.8,1
476,20964,135,0.022062572421784474,0.9716801853997683,0.006257242178447277,0.0,1.0,8.0,0.0,6.0,28.0,332.0,2.0,0.0,0.0,0.0,0.0,11,211128,2009-05-04,2009-05-11,903.8,908.35,1
368,14537,108,0.024512089522413908,0.9682941450742689,0.007193765403317125,0.0,0.0,4.0,0.0,19.0,31.0,228.0,0.0,0.0,0.0,1.0,0.0,7,131166,2009-05-11,2009-05-18,908.35,908.13,0
735,26207,209,0.027070826120584878,0.965231483186623,0.007697690692792162,0.0,0.0,28.0,1.0,19.0,51.0,490.0,9.0,0.0,0.0,2.0,0.0,5,97521,2009-05-18,2009-05-25,908.13,910.33,1
664,34626,293,0.018660596352190653,0.9731051344743277,0.00823426917348172,0.0,1.0,5.0,0.0,25.0,71.0,638.0,14.0,0.0,1.0,3.0,0.0,5,94534,2009-05-25,2009-06-01,910.33,944.74,1
0,0,0,0.0,0.0,0.0,0.0,0.0,0.0,0.0,0.0,0.0,0.0,0.0,0.0,0.0,0.0,0.0,0,0,2009-06-01,2009-06-08,944.74,942.43,0
0,0,0,0.0,0.0,0.0,0.0,0.0,0.0,0.0,0.0,0.0,0.0,0.0,0.0,0.0,0.0,0.0,0,0,2009-06-08,2009-06-15,942.43,911.97,0
555,32785,125,0.016584491259524877,0.9796802629613028,0.0037352457791722696,0.0,0.0,4.0,0.0,10.0,39.0,580.0,8.0,0.0,0.0,0.0,0.0,29,516953,2009-10-26,2009-11-02,1063.41,1045.41,0
537,41241,157,0.012805532371527364,0.9834505782759032,0.0037438893525694526,0.0,1.0,11.0,0.0,10.0,76.0,556.0,1.0,0.0,0.0,1.0,0.0,47,801217,2009-11-02,2009-11-09,1045.41,1093.01,1
523,41276,151,0.012467222884386174,0.9839332538736592,0.003599523241954708,0.0,2.0,4.0,1.0,6.0,206.0,572.0,4.0,0.0,0.0,0.0,0.0,44,718321,2009-11-09,2009-11-16,1093.01,1110.32,1
544,37718,136,0.014167404552320434,0.9822907443095995,0.0035418511380801085,0.0,20.0,9.0,1.0,5.0,1276.0,508.0,1.0,0.0,0.0,0.0,0.0,48,803425,2009-11-16,2009-11-23,1110.32,1105.65,0
406,36564,126,0.010944576234634462,0.9856588311408238,0.0033965926245417295,0.0,10.0,5.0,0.0,3.0,1437.0,531.0,14.0,0.0,1.0,0.0,0.0,47,808435,2009-11-23,2009-11-30,1105.65,1108.86,1
510,39422,142,0.012726456056295852,0.9837300993162649,0.0035434446274392375,0.0,9.0,4.0,0.0,16.0,2066.0,590.0,7.0,0.0,1.0,0.0,0.0,43,718549,2009-11-30,2009-12-07,1108.86,1091.94,0
536,37075,137,0.01419942778425347,0.9821712408604429,0.003629331355303592,0.0,15.0,15.0,0.0,46.0,1889.0,768.0,144.0,0.0,7.0,1.0,0.0,44,720391,2009-12-07,2009-12-14,1091.94,1107.93,1
516,40755,120,0.012466478219902877,0.9846343407987244,0.002899180981372762,0.0,15.0,3.0,0.0,1.0,2438.0,419.0,1.0,0.0,6.0,1.0,0.0,49,827785,2009-12-14,2009-12-21,1107.93,1118.02,1
610,31651,121,0.01883762584151689,0.9774257303440183,0.0037366438144648263,0.0,25.0,7.0,0.0,3.0,1988.0,314.0,2.0,0.0,4.0,0.0,0.0,40,704495,2009-12-21,2009-12-28,1118.02,1126.2,1
680,39335,130,0.016938597583758874,0.9798231411134637,0.0032382613027774317,0.0,37.0,16.0,0.0,8.0,2597.0,619.0,4.0,0.0,14.0,0.0,0.0,42,762558,2009-12-28,2010-01-04,1126.2,1136.52,1
590,47411,248,0.012228232709486206,0.9826317643888992,0.005140002901614541,0.0,15.0,8.0,0.0,37.0,3696.0,1608.0,55.0,0.0,72.0,1.0,0.0,46,786230,2010-01-04,2010-01-11,1136.52,1136.22,0
631,50236,440,0.012298516771590622,0.9791256553686631,0.008575827859746234,0.0,37.0,2.0,0.0,3.0,3518.0,566.0,3.0,0.0,127.0,9.0,0.0,41,683769,2010-01-11,2010-01-18,1136.22,1150.23,1
713,52311,178,0.013401751813841584,0.9832525093041615,0.0033457388819969174,0.0,31.0,14.0,0.0,7.0,3483.0,701.0,2.0,0.0,3.0,0.0,0.0,43,734062,2010-01-18,2010-01-25,1150.23,1092.17,0
723,53709,221,0.013228916985343897,0.9827273891643643,0.004043693850291841,0.0,11.0,2.0,0.0,5.0,3201.0,606.0,1.0,0.0,2.0,1.0,0.0,46,786232,2010-01-25,2010-02-01,1092.17,1103.32,1
670,51328,152,0.012847555129434324,0.9842377756471716,0.002914669223394056,0.0,18.0,1.0,0.0,5.0,3540.0,697.0,7.0,0.0,5.0,0.0,0.0,43,750931,2010-02-01,2010-02-08,1103.32,1070.52,0
311,28715,69,0.010689121842240934,0.9869393366557828,0.0023715415019762848,0.0,3.0,1.0,0.0,13.0,2150.0,377.0,2.0,0.0,0.0,0.0,0.0,23,376046,2010-02-08,2010-02-15,1070.52,1094.87,1
684,53053,235,0.012673237975246424,0.9829726524864745,0.004354109538279108,0.0,21.0,3.0,0.0,31.0,4412.0,634.0,12.0,1.0,24.0,4.0,0.0,41,707137,2010-02-15,2010-02-22,1094.87,1094.6,0
659,54493,193,0.011907128015177524,0.9846056554340952,0.0034872165507272563,0.0,8.0,6.0,0.0,8.0,4201.0,659.0,7.0,0.0,11.0,2.0,0.0,49,848404,2010-02-22,2010-03-01,1094.6,1118.31,1
448,31800,159,0.013824173789613356,0.9812694788163051,0.004906347394081525,0.0,12.0,4.0,1.0,4.0,1982.0,406.0,2.0,0.0,13.0,1.0,0.0,45,806502,2010-03-01,2010-03-08,1118.31,1140.45,1
556,50870,162,0.010777700240365977,0.9860820345816856,0.00314026517794836,0.0,98.0,8.0,0.0,6.0,3357.0,521.0,3.0,0.0,5.0,1.0,0.0,47,797208,2010-03-08,2010-03-15,1140.45,1159.46,1
443,49758,141,0.00879980930435819,0.9883993484565572,0.002800842239084661,0.0,14.0,4.0,0.0,2.0,2987.0,411.0,4.0,0.0,1.0,1.0,0.0,46,806856,2010-03-15,2010-03-22,1159.46,1174.17,1
560,54406,242,0.010143457469931894,0.9854731198377047,0.004383422692363426,6.0,9.0,11.0,0.0,18.0,3440.0,713.0,5.0,0.0,8.0,2.0,0.0,44,762335,2010-03-22,2010-03-29,1174.17,1173.27,0
659,59987,273,0.010817643099853905,0.9847009964050625,0.004481360495083636,0.0,35.0,3.0,0.0,11.0,4032.0,581.0,1.0,0.0,38.0,3.0,0.0,47,815709,2010-03-29,2010-04-05,1173.27,1189.44,1
416,42426,127,0.009681398217319464,0.9873629826153739,0.002955619167306663,0.0,10.0,10.0,0.0,4.0,2280.0,407.0,2.0,0.0,1.0,0.0,0.0,31,565171,2010-04-05,2010-04-12,1189.44,1197.3,1
392,33435,92,0.011556944485391669,0.9857307114006899,0.0027123441139184526,0.0,10.0,1.0,0.0,6.0,2247.0,314.0,2.0,0.0,5.0,1.0,0.0,22,411513,2010-04-12,2010-04-19,1197.3,1207.17,1
973,60119,200,0.01587482868889904,0.9808621027213992,0.0032630685897017554,0.0,40.0,7.0,1.0,7.0,4332.0,503.0,11.0,0.0,4.0,2.0,0.0,20,390642,2010-04-19,2010-04-26,1207.17,1183.71,0
1013,60116,210,0.016514778525897063,0.9800616247411924,0.003423596732910546,1.0,103.0,14.0,0.0,6.0,3825.0,554.0,6.0,0.0,3.0,0.0,0.0,14,271863,2010-04-26,2010-05-03,1183.71,1173.6,0
757,57733,216,0.012894763737948421,0.9834258849180663,0.0036793513439852825,0.0,57.0,8.0,0.0,4.0,5697.0,837.0,1.0,0.0,7.0,0.0,0.0,10,185391,2010-05-03,2010-05-10,1173.6,1155.79,0
108,10741,40,0.009918266140141426,0.9864083019561025,0.0036734319037560843,0.0,5.0,1.0,0.0,0.0,766.0,114.0,0.0,0.0,2.0,0.0,0.0,2,38023,2010-05-10,2010-05-17,1155.79,1120.8,0
241,27539,88,0.008647911583177839,0.9881943447681929,0.003157743648629252,0.0,15.0,12.0,1.0,10.0,1459.0,298.0,6.0,0.0,5.0,1.0,0.0,3,54880,2010-05-17,2010-05-24,1120.8,1074.03,0
580,45582,131,0.012528892057114466,0.98464130646102,0.0028298014818655087,0.0,35.0,6.0,0.0,6.0,2991.0,465.0,5.0,0.0,16.0,1.0,0.0,5,91926,2010-05-24,2010-05-31,1074.03,1070.71,0
268,24192,81,0.01092050038710729,0.9857789006152968,0.00330059899759586,0.0,22.0,4.0,0.0,2.0,2988.0,353.0,2.0,0.0,4.0,1.0,0.0,27,475469,2010-10-25,2010-11-01,1185.64,1193.57,1
325,34080,132,0.009410197758925211,0.986767814228219,0.0038219880128557778,0.0,11.0,3.0,0.0,1.0,4758.0,657.0,2.0,0.0,8.0,0.0,0.0,47,792866,2010-11-01,2010-11-08,1193.57,1213.4,1
357,35681,93,0.009880711854086519,0.987545321192328,0.002573966953585564,1.0,27.0,6.0,0.0,4.0,3895.0,719.0,3.0,0.0,2.0,0.0,0.0,43,718050,2010-11-08,2010-11-15,1213.4,1178.34,0
277,33894,107,0.008080984888266527,0.9887974794328724,0.003121535678861077,2.0,92.0,11.0,0.0,3.0,5644.0,799.0,2.0,0.0,9.0,3.0,0.0,44,726145,2010-11-15,2010-11-22,1178.34,1180.73,1
345,35843,179,0.009486622487419914,0.9855913328017158,0.004922044710864245,1.0,21.0,4.0,1.0,7.0,4425.0,664.0,10.0,0.0,16.0,2.0,0.0,47,786773,2010-11-22,2010-11-29,1180.73,1180.55,0
314,35123,134,0.008827415591352507,0.9874054707486436,0.003767113660003936,1.0,10.0,2.0,0.0,9.0,5470.0,733.0,2.0,0.0,32.0,7.0,0.0,48,799325,2010-11-29,2010-12-06,1180.55,1223.75,1
344,33539,129,0.010114077384452547,0.9860931435963778,0.003792779019169705,0.0,7.0,1.0,0.0,1.0,4695.0,714.0,0.0,0.0,6.0,1.0,0.0,46,777500,2010-12-06,2010-12-13,1223.75,1241.59,1
340,35407,124,0.009478408742438181,0.9870647598338491,0.0034568314237127485,0.0,24.0,2.0,0.0,25.0,5182.0,696.0,7.0,0.0,13.0,2.0,0.0,46,765209,2010-12-13,2010-12-20,1241.59,1254.6,1
324,23796,127,0.013362477832309151,0.9813997607951499,0.005237761372540933,0.0,33.0,4.0,0.0,5.0,3127.0,476.0,0.0,0.0,30.0,3.0,0.0,25,431975,2010-12-20,2010-12-27,1254.6,1258.51,1
375,35008,164,0.010549413452612035,0.9848369763974456,0.00461361014994233,0.0,21.0,3.0,0.0,14.0,4642.0,728.0,7.0,0.0,8.0,1.0,0.0,44,799659,2010-12-27,2011-01-03,1258.51,1270.2,1
346,34467,92,0.00991261996848589,0.9874516544907607,0.002635725540753474,1.0,17.0,3.0,0.0,1.0,5978.0,728.0,1.0,0.0,4.0,2.0,0.0,46,791570,2011-01-03,2011-01-10,1270.2,1274.48,1
317,34212,130,0.009146253498369832,0.9871029169912576,0.0037508295103724863,0.0,40.0,7.0,0.0,2.0,4796.0,673.0,4.0,0.0,14.0,1.0,0.0,43,721769,2011-01-10,2011-01-17,1274.48,1295.02,1
302,34181,120,0.008727566973961796,0.987804525619166,0.0034679074068722365,0.0,39.0,10.0,0.0,1.0,5126.0,951.0,3.0,0.0,8.0,0.0,0.0,42,746449,2011-01-17,2011-01-24,1295.02,1291.18,0
481,34550,154,0.013670598266306665,0.9819525365922979,0.004376865141395481,0.0,72.0,10.0,0.0,3.0,6769.0,828.0,1.0,0.0,5.0,1.0,0.0,45,784516,2011-01-24,2011-01-31,1291.18,1307.59,1
441,34462,171,0.012573416205736442,0.9825511775104065,0.004875406283856988,0.0,32.0,4.0,0.0,50.0,5805.0,984.0,16.0,0.0,9.0,1.0,0.0,43,738274,2011-01-31,2011-02-07,1307.59,1324.57,1
416,34925,168,0.011715339773015292,0.9835534653186516,0.004731194908333099,0.0,148.0,7.0,0.0,10.0,6617.0,905.0,1.0,0.0,11.0,1.0,0.0,46,782185,2011-02-07,2011-02-14,1324.57,1328.01,1
235,16965,52,0.013621609088801298,0.983364247623464,0.0030141432877347552,0.0,23.0,10.0,0.0,1.0,4527.0,511.0,1.0,0.0,3.0,2.0,0.0,20,361492,2011-02-14,2011-02-21,1328.01,1315.44,0
284,22148,155,0.012573604285651038,0.9805640412626733,0.006862354451675743,0.0,44.0,1.0,0.0,2.0,4678.0,555.0,0.0,0.0,30.0,5.0,0.0,30,551674,2011-02-21,2011-02-28,1315.44,1306.33,0
460,34854,149,0.012971265826354229,0.9828271719820658,0.004201562191579957,0.0,28.0,7.0,0.0,3.0,7449.0,942.0,6.0,0.0,9.0,1.0,0.0,46,793418,2011-02-28,2011-03-07,1306.33,1321.82,1
373,34603,167,0.010613777992772386,0.9846342088040293,0.004752013203198361,0.0,28.0,10.0,0.0,2.0,6994.0,797.0,2.0,0.0,6.0,0.0,0.0,44,780402,2011-03-07,2011-03-14,1321.82,1281.87,0
455,35059,192,0.012742956365876884,0.9818797961126982,0.005377247521424971,0.0,12.0,3.0,0.0,6.0,5170.0,742.0,1.0,0.0,7.0,0.0,0.0,45,810199,2011-03-14,2011-03-21,1281.87,1293.77,1
419,34827,162,0.011833483958427473,0.9835912788070492,0.004575237234523272,0.0,36.0,3.0,0.0,11.0,6573.0,875.0,2.0,0.0,12.0,1.0,0.0,45,835552,2011-03-21,2011-03-28,1293.77,1319.44,1
415,33467,167,0.0121883168374989,0.9829069869893389,0.004904696173162208,0.0,63.0,8.0,0.0,10.0,6814.0,693.0,9.0,0.0,9.0,0.0,0.0,48,838056,2011-03-28,2011-04-04,1319.44,1332.63,1
319,22911,114,0.013665181631254283,0.9814513365318711,0.004883481836874572,0.0,36.0,7.0,0.0,2.0,5336.0,510.0,2.0,0.0,10.0,1.0,0.0,28,515261,2011-04-04,2011-04-11,1332.63,1314.16,0
267,15912,81,0.016420664206642066,0.9785977859778597,0.004981549815498155,0.0,30.0,13.0,0.0,4.0,4288.0,288.0,3.0,0.0,14.0,1.0,0.0,22,413821,2011-04-11,2011-04-18,1314.16,1312.62,0
736,29744,181,0.024004435602230846,0.9700922996640684,0.005903264733700793,0.0,111.0,12.0,0.0,16.0,7122.0,644.0,5.0,0.0,10.0,0.0,0.0,20,384101,2011-04-18,2011-04-25,1312.62,1347.24,1
345,20205,77,0.01672565084597857,0.9795413778057885,0.0037329713482328985,0.0,25.0,6.0,0.0,2.0,3804.0,442.0,1.0,0.0,13.0,0.0,0.0,10,193434,2011-04-25,2011-05-02,1347.24,1356.62,1
401,20046,85,0.01953048899279174,0.9763296317942723,0.004139879212935905,0.0,60.0,2.0,0.0,4.0,6192.0,466.0,3.0,0.0,14.0,0.0,0.0,8,157269,2011-05-02,2011-05-09,1356.62,1357.16,1
291,19833,129,0.014368241741964154,0.9792623315064435,0.006369426751592357,0.0,32.0,9.0,0.0,1.0,4083.0,625.0,1.0,0.0,4.0,0.0,0.0,5,98888,2011-05-09,2011-05-16,1357.16,1328.98,0
133,9459,40,0.013808139534883721,0.9820390365448505,0.004152823920265781,0.0,5.0,2.0,0.0,2.0,1833.0,216.0,0.0,0.0,3.0,0.0,0.0,2,41174,2011-05-16,2011-05-23,1328.98,1316.28,0
162,14371,54,0.01110577911839309,0.9851922945088092,0.0037019263727976967,0.0,4.0,1.0,0.0,2.0,3017.0,402.0,2.0,0.0,2.0,1.0,0.0,3,64274,2011-05-23,2011-05-30,1316.28,1345.2,1
731,36130,204,0.019722109807095642,0.9747740455955753,0.005503844597329017,121.0,85.0,14.0,0.0,6566.0,10944.0,1101.0,2.0,33.0,32.0,1.0,0.0,48,865181,2011-12-26,2012-01-02,1265.43,1277.06,1
472,36002,189,0.012874014674194693,0.9819709243651638,0.005155060960641519,79.0,78.0,10.0,0.0,6331.0,8066.0,1078.0,2.0,31.0,35.0,1.0,0.0,50,854297,2012-01-02,2012-01-09,1277.06,1292.08,1
428,36343,203,0.011575701844539406,0.9829339535890085,0.005490344566452102,65.0,75.0,9.0,0.0,6294.0,8370.0,939.0,4.0,35.0,13.0,1.0,0.0,52,843915,2012-01-09,2012-01-16,1292.08,1293.67,1
542,35894,255,0.014772014935542777,0.9782780518383255,0.006949933226131749,87.0,50.0,10.0,0.0,6331.0,13021.0,3283.0,423.0,43.0,31.0,3.0,0.0,47,787340,2012-01-16,2012-01-23,1293.67,1314.65,1
595,36244,262,0.016037303576723,0.976900892159241,0.00706180426403601,126.0,126.0,10.0,0.0,5835.0,9418.0,1009.0,6.0,37.0,42.0,2.0,0.0,47,825510,2012-01-23,2012-01-30,1314.65,1312.41,0
572,36697,213,0.01526065844938904,0.9790566138413105,0.005682727709300464,140.0,296.0,27.0,0.0,5023.0,10883.0,1002.0,1.0,28.0,24.0,0.0,0.0,49,852749,2012-01-30,2012-02-06,1312.41,1347.05,1
417,35763,178,0.011469277738049398,0.98363496341933,0.004895758842620606,70.0,58.0,17.0,0.0,5594.0,10834.0,1356.0,4.0,18.0,14.0,0.0,0.0,47,800752,2012-02-06,2012-02-13,1347.05,1350.5,1
498,34641,168,0.014104851729118871,0.9811368850369615,0.004758263233919619,68.0,70.0,17.0,0.0,5735.0,20796.0,1866.0,3.0,36.0,21.0,5.0,0.0,50,883960,2012-02-13,2012-02-20,1350.5,1362.21,1
193,17651,93,0.010759881808552155,0.9840553046774823,0.005184813513965546,40.0,34.0,1.0,0.0,3047.0,7512.0,663.0,3.0,11.0,11.0,0.0,0.0,22,372586,2012-02-20,2012-02-27,1362.21,1372.18,1
335,24049,136,0.01366231647634584,0.9807911908646003,0.005546492659053833,51.0,46.0,2.0,0.0,3850.0,8197.0,801.0,2.0,27.0,13.0,0.0,0.0,30,535062,2012-02-27,2012-03-05,1372.18,1343.36,0
502,34790,187,0.014149215028608473,0.9805800614447984,0.005270723526593196,71.0,75.0,56.0,1.0,6254.0,12504.0,1347.0,1.0,32.0,34.0,2.0,0.0,48,851852,2012-03-05,2012-03-12,1343.36,1395.95,1
468,35473,198,0.01294999861645314,0.9815711558150475,0.005478845568499405,68.0,58.0,29.0,1.0,7030.0,12880.0,1851.0,4.0,33.0,24.0,2.0,0.0,52,906028,2012-03-12,2012-03-19,1395.95,1405.52,1
485,36146,176,0.013176841361697503,0.9820414595049854,0.004781699133317032,112.0,314.0,48.0,0.0,6121.0,12705.0,1085.0,3.0,23.0,13.0,0.0,0.0,51,893101,2012-03-19,2012-03-26,1405.52,1412.52,1
480,34520,206,0.01363403965233199,0.9805146849968756,0.005851275350792479,70.0,58.0,6.0,0.0,5369.0,10613.0,1229.0,3.0,24.0,35.0,2.0,0.0,49,863308,2012-03-26,2012-04-02,1412.52,1413.38,1
535,34040,187,0.015390368793510155,0.9792301938898798,0.005379437316610091,102.0,99.0,10.0,0.0,5389.0,9639.0,1289.0,7.0,33.0,22.0,4.0,0.0,51,874862,2012-04-02,2012-04-09,1413.38,1358.59,0
610,35081,269,0.01696329254727475,0.9755561735261401,0.007480533926585094,123.0,155.0,18.0,0.0,5188.0,10730.0,1359.0,6.0,39.0,27.0,2.0,0.0,50,873132,2012-04-09,2012-04-16,1358.59,1390.78,1
576,34465,210,0.01633996198689399,0.9777027602053843,0.005957277807721767,70.0,69.0,14.0,0.0,4954.0,12950.0,1312.0,3.0,29.0,43.0,6.0,0.0,47,806905,2012-04-16,2012-04-23,1390.78,1371.97,0
307,21277,168,0.014113644722324384,0.9781629275468923,0.007723427730783376,44.0,62.0,5.0,0.0,3979.0,12281.0,1045.0,1.0,20.0,24.0,6.0,0.0,29,519053,2012-04-23,2012-04-30,1371.97,1405.82,1
606,30381,202,0.0194299272179294,0.9740934303760941,0.006476642405976466,112.0,266.0,54.0,0.0,4505.0,12612.0,1418.0,13.0,28.0,36.0,2.0,0.0,19,370785,2012-04-30,2012-05-07,1405.82,1363.72,0
748,29907,202,0.024240852966911884,0.9692128204297242,0.006546326603363905,85.0,316.0,25.0,0.0,5183.0,16247.0,2031.0,26.0,19.0,25.0,1.0,0.0,14,269603,2012-05-07,2012-05-14,1363.72,1330.66,0
575,30034,181,0.018674894446248782,0.975446573562845,0.005878531990906139,81.0,157.0,17.0,0.0,5269.0,13840.0,1899.0,2.0,16.0,25.0,3.0,0.0,12,228399,2012-05-14,2012-05-21,1330.66,1316.63,0
236,19337,123,0.0119821283509342,0.9817729488220959,0.006244922826969943,31.0,18.0,9.0,0.0,4183.0,14640.0,1377.0,2.0,11.0,15.0,2.0,0.0,4,77246,2012-05-21,2012-05-28,1316.63,1332.42,1
408,28441,175,0.014057331863285557,0.9799131753031973,0.0060294928335170896,70.0,47.0,7.0,0.0,6069.0,14892.0,1859.0,3.0,26.0,30.0,6.0,0.0,6,112208,2012-05-28,2012-06-04,1332.42,1285.5,0
199,14276,84,0.013668521189642145,0.980561851775534,0.00576962703482382,32.0,29.0,11.0,0.0,2988.0,8120.0,1218.0,0.0,10.0,9.0,1.0,0.0,3,56848,2012-06-04,2012-06-11,1285.5,1324.18,1
399,24151,167,0.016142735768903994,0.9771007808390986,0.006756483391997411,65.0,61.0,40.0,0.0,3919.0,12370.0,2890.0,5.0,23.0,20.0,7.0,0.0,28,518847,2012-10-29,2012-11-05,1412.16,1428.39,1
501,37537,212,0.013098039215686275,0.981359477124183,0.005542483660130719,104.0,161.0,63.0,0.0,5895.0,21848.0,5420.0,3.0,29.0,28.0,6.0,0.0,45,769755,2012-11-05,2012-11-12,1428.39,1374.53,0
463,36216,243,0.01253994908184822,0.980878608959428,0.006581441958723796,224.0,77.0,38.0,0.0,4813.0,13368.0,3395.0,2.0,38.0,59.0,33.0,0.0,44,720118,2012-11-12,2012-11-19,1374.53,1387.81,1
332,24405,159,0.01333547557840617,0.9802779562982005,0.006386568123393316,52.0,108.0,22.0,0.0,3202.0,12578.0,2468.0,3.0,19.0,12.0,6.0,0.0,31,515156,2012-11-19,2012-11-26,1387.81,1398.94,1
488,36779,235,0.013012639325902619,0.9807210282118287,0.006266332462268679,93.0,120.0,55.0,0.0,7405.0,17883.0,4591.0,1.0,43.0,36.0,11.0,0.0,41,675557,2012-11-26,2012-12-03,1398.94,1407.05,1
489,37711,234,0.01272310974657855,0.9811885309881876,0.0060883592652339075,84.0,47.0,46.0,0.0,7264.0,30300.0,5518.0,5.0,32.0,25.0,9.0,0.0,47,799981,2012-12-03,2012-12-10,1407.05,1427.84,1
538,36656,227,0.014376954116672457,0.9795569332727613,0.006066112610566259,78.0,144.0,83.0,0.0,5321.0,13375.0,3638.0,1.0,39.0,24.0,7.0,0.0,46,762920,2012-12-10,2012-12-17,1427.84,1446.79,1
516,35999,222,0.01404578490350328,0.9799112611263848,0.0060429539701118765,84.0,84.0,32.0,0.0,6933.0,12235.0,3736.0,7.0,40.0,31.0,13.0,0.0,49,840977,2012-12-17,2012-12-24,1446.79,1419.83,0
385,24705,174,0.015239075364154529,0.9778736542115263,0.006887270424319189,56.0,54.0,21.0,0.0,3721.0,7852.0,2722.0,1.0,34.0,22.0,11.0,0.0,29,532643,2012-12-24,2012-12-31,1419.83,1462.42,1
571,36191,223,0.015438691361362715,0.97853183723131,0.006029471407327295,111.0,160.0,67.0,0.0,6216.0,20397.0,6212.0,6.0,32.0,42.0,21.0,0.0,46,789758,2012-12-31,2013-01-07,1462.42,1457.15,0
463,35664,250,0.01272782252522198,0.9803997031091074,0.006872474365670616,72.0,57.0,29.0,0.0,6760.0,19788.0,6139.0,9.0,31.0,52.0,18.0,0.0,45,765873,2013-01-07,2013-01-14,1457.15,1472.34,1
507,35510,208,0.013995859213250517,0.9802622498274672,0.005741890959282263,84.0,61.0,41.0,0.0,6281.0,16939.0,6289.0,6.0,30.0,36.0,10.0,0.0,41,727416,2013-01-14,2013-01-21,1472.34,1492.56,1
538,34833,233,0.015110661723401865,0.9783451297607011,0.00654420851589709,115.0,150.0,82.0,0.0,6223.0,18332.0,5528.0,6.0,33.0,52.0,14.0,0.0,45,791480,2013-01-21,2013-01-28,1492.56,1507.84,1
476,34576,241,0.013487093757969002,0.9796843566712946,0.006828549570736407,71.0,195.0,167.0,0.0,5336.0,16601.0,4458.0,2.0,32.0,51.0,16.0,0.0,42,735662,2013-01-28,2013-02-04,1507.84,1511.29,1
491,34735,237,0.013845416349434621,0.979471561909596,0.006683021740969461,76.0,89.0,30.0,0.0,6118.0,20140.0,5424.0,2.0,37.0,36.0,10.0,0.0,46,778132,2013-02-04,2013-02-11,1511.29,1519.43,1
178,16546,75,0.010595868801714387,0.9849395797368891,0.004464551461396512,34.0,30.0,19.0,0.0,2803.0,7196.0,2734.0,3.0,10.0,14.0,13.0,0.0,20,332388,2013-02-11,2013-02-18,1519.43,1530.94,1
411,24250,160,0.016558559284476856,0.9769952862495468,0.006446154465976391,50.0,71.0,32.0,0.0,4065.0,11486.0,4042.0,6.0,17.0,32.0,16.0,0.0,30,548714,2013-02-18,2013-02-25,1530.94,1496.94,0
550,35037,254,0.01534555397449848,0.9775675901900058,0.007086855835495662,80.0,110.0,48.0,0.0,6219.0,14566.0,5387.0,6.0,28.0,42.0,13.0,0.0,46,823437,2013-02-25,2013-03-04,1496.94,1539.79,1
478,34569,197,0.013562592214277608,0.9808478038815117,0.005589603904210646,120.0,939.0,386.0,0.0,6891.0,16638.0,5807.0,4.0,35.0,57.0,19.0,0.0,47,816999,2013-03-04,2013-03-11,1539.79,1552.48,1
454,34858,212,0.0127800923319446,0.9812521112487332,0.005967796419322148,99.0,166.0,64.0,0.0,6845.0,21090.0,6657.0,9.0,31.0,63.0,34.0,0.0,45,801471,2013-03-11,2013-03-18,1552.48,1548.34,0
447,35455,252,0.012363777175416275,0.9806660397189799,0.006970183105603806,88.0,72.0,43.0,0.0,6720.0,13783.0,6343.0,1.0,42.0,70.0,25.0,0.0,44,772148,2013-03-18,2013-03-25,1548.34,1563.77,1
470,33948,212,0.01357204735778227,0.9803060929829628,0.006121859659254982,94.0,45.0,51.0,0.0,6712.0,16993.0,7117.0,10.0,31.0,36.0,18.0,0.0,46,823695,2013-03-25,2013-04-01,1563.77,1570.25,1
408,33115,249,0.012081013857633542,0.9805460144498401,0.007372971692526353,56.0,77.0,44.0,0.0,7162.0,16444.0,7157.0,10.0,39.0,38.0,33.0,0.0,46,825654,2013-04-01,2013-04-08,1570.25,1568.61,0
326,22098,152,0.014440113394755493,0.9788270729978739,0.006732813607370659,102.0,819.0,262.0,0.0,3754.0,14277.0,5142.0,4.0,20.0,25.0,5.0,0.0,28,521513,2013-04-08,2013-04-15,1568.61,1574.57,1
263,15908,84,0.016179637034758537,0.978652722239311,0.005167640725930483,32.0,50.0,39.0,0.0,3297.0,7422.0,3067.0,4.0,7.0,12.0,13.0,0.0,21,384599,2013-04-15,2013-04-22,1574.57,1578.78,1
498,30446,228,0.01597587578596176,0.9767098678301039,0.0073142563839343,56.0,99.0,46.0,0.0,5587.0,17822.0,6742.0,5.0,37.0,199.0,92.0,0.0,20,380619,2013-04-22,2013-04-29,1578.78,1597.57,1
544,30393,194,0.017474543059972376,0.9762937265105521,0.006231730429475443,310.0,2035.0,1078.0,1.0,6915.0,20905.0,8080.0,8.0,52.0,211.0,67.0,0.0,14,263652,2013-04-29,2013-05-06,1597.57,1625.96,1
393,19981,186,0.0191147859922179,0.9718385214007782,0.009046692607003892,43.0,73.0,37.0,0.0,3972.0,10112.0,4521.0,0.0,27.0,108.0,80.0,0.0,7,131514,2013-05-06,2013-05-13,1625.96,1650.34,1
230,19673,218,0.011430843397445455,0.9777347050345411,0.010834451568013518,26.0,53.0,34.0,0.0,4462.0,10130.0,4279.0,3.0,28.0,73.0,42.0,0.0,7,132184,2013-05-13,2013-05-20,1650.34,1669.16,1
151,9386,112,0.015649290081873768,0.9727432894600476,0.011607420458078558,28.0,52.0,28.0,0.0,1924.0,6731.0,2728.0,2.0,16.0,20.0,8.0,0.0,2,36284,2013-05-20,2013-05-27,1669.16,1660.06,0
65,4732,44,0.013426977897128692,0.9774839909109688,0.0090890311919025,10.0,10.0,2.0,0.0,1204.0,3474.0,1415.0,7.0,5.0,17.0,6.0,0.0,1,18165,2013-05-27,2013-06-03,1660.06,1631.38,0
520,22451,136,0.022504003115938892,0.9716103345306617,0.0058856623533994025,53.0,69.0,93.0,0.0,4830.0,15773.0,10831.0,115.0,12.0,31.0,24.0,0.0,29,522977,2013-10-28,2013-11-04,1771.95,1762.97,0
490,33202,228,0.014445754716981132,0.9788325471698113,0.006721698113207547,74.0,109.0,136.0,0.0,8928.0,23874.0,17570.0,13.0,15.0,40.0,29.0,0.0,47,784038,2013-11-04,2013-11-11,1762.97,1767.69,1
434,33313,201,0.012784258277365382,0.9812949216448686,0.005920820077765995,68.0,65.0,118.0,0.0,7657.0,20909.0,15294.0,20.0,23.0,63.0,39.0,0.0,43,755674,2013-11-11,2013-11-18,1767.69,1787.87,1
518,33168,274,0.015253239104829211,0.976678445229682,0.008068315665488811,72.0,149.0,149.0,0.0,8171.0,25588.0,16400.0,15.0,51.0,46.0,50.0,0.0,46,772880,2013-11-18,2013-11-25,1787.87,1802.75,1
255,19498,126,0.01282760702248604,0.9808340459781679,0.006338346999346043,36.0,78.0,100.0,0.0,4339.0,16558.0,11560.0,8.0,16.0,15.0,16.0,0.0,32,536707,2013-11-25,2013-12-02,1802.75,1795.15,0
465,28835,173,0.015777151969599293,0.9783530689105283,0.005869779119872426,92.0,158.0,163.0,0.0,7078.0,26207.0,17650.0,10.0,26.0,44.0,39.0,0.0,42,711140,2013-12-02,2013-12-09,1795.15,1802.62,1
364,26827,184,0.013296803652968037,0.9799817351598173,0.006721461187214612,53.0,162.0,105.0,0.0,6738.0,20269.0,14668.0,7.0,29.0,46.0,22.0,0.0,46,752622,2013-12-09,2013-12-16,1802.62,1781.0,0
463,29065,196,0.015576638406674741,0.9778293634773247,0.006593998116000538,95.0,249.0,215.0,0.0,10039.0,18373.0,15081.0,7.0,43.0,23.0,38.0,0.0,43,728317,2013-12-16,2013-12-23,1781.0,1833.32,1
279,20471,202,0.01331615120274914,0.9770427644138985,0.009641084383352424,74.0,445.0,257.0,0.0,4460.0,14295.0,11220.0,18.0,26.0,43.0,31.0,0.0,30,549741,2013-12-23,2013-12-30,1833.32,1831.98,0
526,31561,233,0.016274752475247525,0.9765160891089109,0.0072091584158415845,67.0,85.0,111.0,0.0,6932.0,20719.0,16493.0,2.0,35.0,53.0,51.0,0.0,45,803277,2013-12-30,2014-01-06,1831.98,1837.88,1
406,32870,195,0.012129903498550984,0.9820441576289922,0.005825938872456754,74.0,197.0,190.0,0.0,7687.0,23788.0,18965.0,13.0,37.0,53.0,43.0,0.0,47,807008,2014-01-06,2014-01-13,1837.88,1838.88,1
421,32521,204,0.012701381765522235,0.9811440294454836,0.006154588788994147,133.0,861.0,933.0,0.0,8135.0,25645.0,24453.0,6.0,37.0,211.0,170.0,0.0,44,777011,2014-01-13,2014-01-20,1838.88,1843.8,1
408,33247,207,0.012048904376587325,0.981838048549997,0.0061130470734156285,63.0,111.0,105.0,0.0,8139.0,33948.0,25058.0,13.0,29.0,40.0,31.0,0.0,46,806285,2014-01-20,2014-01-27,1843.8,1792.5,0
443,32046,196,0.013553617867523328,0.9804497475906379,0.005996634541838764,68.0,141.0,191.0,0.0,8250.0,34699.0,29660.0,8.0,30.0,46.0,41.0,0.0,41,721228,2014-01-27,2014-02-03,1792.5,1755.2,0
347,30390,144,0.011236682749910949,0.9841002558207312,0.004663061429357858,39.0,58.0,82.0,0.0,7252.0,25286.0,22963.0,25.0,18.0,27.0,31.0,0.0,43,735734,2014-02-03,2014-02-10,1755.2,1819.75,1
196,16019,65,0.01203931203931204,0.983968058968059,0.003992628992628993,36.0,98.0,78.0,0.0,4532.0,24389.0,23722.0,13.0,8.0,15.0,11.0,0.0,22,376779,2014-02-10,2014-02-17,1819.75,1840.76,1
256,22847,120,0.011023554235025622,0.9838091547173061,0.00516729104766826,35.0,79.0,76.0,0.0,4939.0,18618.0,15904.0,15.0,23.0,38.0,23.0,0.0,29,517499,2014-02-17,2014-02-24,1840.76,1845.12,1
435,32568,163,0.013115841524452753,0.9819694868238558,0.004914671651691491,54.0,70.0,122.0,0.0,8170.0,27964.0,25866.0,9.0,41.0,287.0,165.0,0.0,44,784610,2014-02-24,2014-03-03,1845.12,1873.91,1
334,30124,161,0.01090825957738659,0.9838335673927954,0.005258173029818087,59.0,271.0,228.0,0.0,6120.0,25581.0,24214.0,9.0,27.0,64.0,56.0,0.0,45,787561,2014-03-03,2014-03-10,1873.91,1867.63,0
406,31179,211,0.01276890174864763,0.9805950434016858,0.006636054849666625,63.0,170.0,225.0,1.0,7116.0,28765.0,26952.0,18.0,33.0,131.0,105.0,0.0,46,816196,2014-03-10,2014-03-17,1867.63,1872.25,1
425,31645,156,0.013188108980326444,0.9819710792527773,0.004840811766896295,96.0,105.0,105.0,0.0,6997.0,21515.0,24451.0,11.0,41.0,112.0,84.0,0.0,44,797508,2014-03-17,2014-03-24,1872.25,1865.62,0
404,30861,176,0.012849464075570116,0.9815527495944786,0.0055977863299513375,76.0,199.0,288.0,0.0,6852.0,21488.0,21876.0,548.0,27.0,37.0,25.0,0.0,44,787709,2014-03-24,2014-03-31,1865.62,1885.52,1
396,31359,175,0.012402129658628249,0.9821171312245537,0.00548073911681804,144.0,402.0,814.0,4.0,6470.0,30720.0,29046.0,19.0,29.0,115.0,67.0,0.0,47,851591,2014-03-31,2014-04-07,1885.52,1851.96,0
263,21286,88,0.012155104681795073,0.9837777880482507,0.004067107269954245,64.0,303.0,430.0,1.0,4136.0,17753.0,16929.0,7.0,9.0,43.0,31.0,0.0,30,555352,2014-04-07,2014-04-14,1851.96,1842.98,0
252,15427,71,0.016,0.9794920634920635,0.004507936507936508,33.0,338.0,721.0,0.0,3317.0,18287.0,17241.0,5.0,62.0,1018.0,635.0,0.0,21,383682,2014-04-14,2014-04-21,1842.98,1879.55,1
482,29592,169,0.01593757233078729,0.9784743577026088,0.005588069966603842,61.0,192.0,292.0,1.0,6215.0,25567.0,27055.0,3.0,25.0,42.0,34.0,0.0,20,386315,2014-04-21,2014-04-28,1879.55,1878.33,0
318,29738,241,0.01049608872165561,0.9815493283163349,0.007954582962009439,48.0,93.0,319.0,1.0,6169.0,35615.0,30927.0,9.0,39.0,67.0,99.0,0.0,17,327259,2014-04-28,2014-05-05,1878.33,1867.72,0
581,28115,207,0.020101719544683944,0.9727363941459364,0.007161886309379649,165.0,1601.0,1792.0,0.0,7886.0,49554.0,44239.0,35.0,26.0,36.0,29.0,0.0,12,230299,2014-05-05,2014-05-12,1867.72,1897.45,1
126,14277,85,0.008696852567642186,0.9854362230811706,0.0058669243511871895,16.0,11.0,29.0,0.0,3978.0,19681.0,20343.0,9.0,8.0,5.0,28.0,0.0,6,113631,2014-05-12,2014-05-19,1897.45,1872.83,0
135,13523,51,0.009847545408126048,0.9864322707710264,0.0037201838208476183,15.0,63.0,60.0,0.0,3308.0,13168.0,13700.0,3.0,60.0,589.0,454.0,0.0,3,54949,2014-05-19,2014-05-26,1872.83,1911.91,1
235,22623,105,0.010233854461525062,0.9851935722684318,0.004572573270043113,49.0,714.0,1061.0,0.0,5845.0,27216.0,22985.0,8.0,12.0,64.0,58.0,0.0,5,93173,2014-05-26,2014-06-02,1911.91,1924.24,1
322,22736,111,0.013897880788985281,0.9813112348396564,0.0047908843713582805,50.0,149.0,188.0,0.0,4428.0,20569.0,26186.0,14.0,33.0,13.0,15.0,0.0,27,497945,2014-10-27,2014-11-03,1985.05,2012.1,1
355,31072,153,0.011241291956934768,0.9839138695376821,0.0048448385053831535,60.0,56.0,102.0,0.0,6308.0,26230.0,30796.0,24.0,19.0,75.0,71.0,0.0,49,850022,2014-11-03,2014-11-10,2012.1,2039.68,1
327,29799,141,0.01080384577262365,0.9845376152245019,0.0046585390028744175,77.0,228.0,195.0,0.0,7131.0,29446.0,32115.0,40.0,19.0,23.0,26.0,0.0,43,775128,2014-11-10,2014-11-17,2039.68,2051.8,1
376,30157,147,0.01225554106910039,0.9829530638852673,0.004791395045632333,29.0,36.0,88.0,0.0,6175.0,22741.0,26617.0,65.0,71.0,649.0,417.0,0.0,43,740470,2014-11-17,2014-11-24,2051.8,2067.03,1
260,19466,116,0.013103517790545308,0.9810502973490576,0.005846184860397137,37.0,122.0,213.0,2.0,4053.0,18426.0,21657.0,3.0,28.0,200.0,144.0,0.0,32,545706,2014-11-24,2014-12-01,2067.03,2066.55,0
374,27940,123,0.013151879593487358,0.9825227696311144,0.004325350775398249,61.0,161.0,293.0,0.0,5537.0,26883.0,32707.0,9.0,40.0,342.0,274.0,1.0,48,826348,2014-12-01,2014-12-08,2066.55,2059.82,0
412,31999,153,0.012652008352782214,0.9826495516521312,0.004698439995086599,46.0,41.0,154.0,0.0,7522.0,39911.0,47908.0,11.0,45.0,374.0,459.0,0.0,47,785368,2014-12-08,2014-12-15,2059.82,1972.74,0
397,32350,156,0.012065769078807404,0.9831930219128955,0.004741209008297116,88.0,174.0,341.0,2.0,7065.0,34425.0,35215.0,12.0,29.0,26.0,34.0,0.0,46,807585,2014-12-15,2014-12-22,1972.74,2082.17,1
247,19031,80,0.01275958260150842,0.9831077590660192,0.004132658332472363,38.0,24.0,135.0,0.0,3989.0,12475.0,16702.0,15.0,176.0,2154.0,1620.0,2.0,38,701694,2014-12-22,2014-12-29,2082.17,2080.35,0
443,31629,171,0.013739416307415563,0.9809571069689546,0.005303476723629935,92.0,201.0,260.0,0.0,7725.0,31683.0,36917.0,42.0,45.0,132.0,129.0,0.0,44,809084,2014-12-29,2015-01-05,2080.35,2002.61,0
362,32310,150,0.011029187739930535,0.9844007068429712,0.004570105417098288,69.0,91.0,146.0,0.0,8272.0,35524.0,38498.0,34.0,43.0,324.0,219.0,0.0,43,767285,2015-01-05,2015-01-12,2002.61,2023.03,1
391,31735,161,0.012110137206925388,0.98290333570787,0.004986527085204572,72.0,159.0,445.0,0.0,8236.0,39034.0,45646.0,18.0,100.0,850.0,667.0,0.0,44,780762,2015-01-12,2015-01-19,2023.03,2022.55,0
395,31766,161,0.012220778417177156,0.9827980941773405,0.004981127405482334,61.0,110.0,243.0,0.0,8845.0,40352.0,49215.0,27.0,35.0,163.0,130.0,0.0,45,798816,2015-01-19,2015-01-26,2022.55,2029.55,1
442,31858,216,0.013593307909952024,0.979763808586542,0.0066428835035059666,66.0,141.0,241.0,0.0,7536.0,31986.0,37479.0,25.0,33.0,46.0,58.0,1.0,43,768841,2015-01-26,2015-02-02,2029.55,2050.03,1
392,31803,140,0.01212308643884336,0.9835472398329983,0.004329673728158343,138.0,1052.0,1423.0,0.0,7103.0,27856.0,38810.0,31.0,22.0,59.0,36.0,0.0,48,847391,2015-02-02,2015-02-09,2050.03,2068.59,1
166,15606,54,0.01048906862125616,0.9860988247188172,0.003412106659926703,28.0,22.0,69.0,0.0,3966.0,18980.0,25128.0,4.0,10.0,16.0,20.0,0.0,18,319547,2015-02-09,2015-02-16,2068.59,2100.34,1
127,11839,42,0.010576282478347769,0.9859260493004663,0.0034976682211858763,104.0,5252.0,5141.0,0.0,2723.0,18409.0,20716.0,7.0,4.0,21.0,27.0,0.0,14,263235,2015-02-16,2015-02-23,2100.34,2115.48,1
420,31288,242,0.013145539906103286,0.9792801251956181,0.00757433489827856,56.0,178.0,540.0,0.0,7857.0,37220.0,46965.0,29.0,29.0,140.0,144.0,0.0,47,858278,2015-02-23,2015-03-02,2115.48,2107.78,0
396,30425,158,0.012782852900351851,0.9821169179121341,0.005100229187514123,70.0,195.0,354.0,0.0,7685.0,43801.0,55533.0,23.0,18.0,21.0,36.0,0.0,49,882785,2015-03-02,2015-03-09,2107.78,2044.16,0
630,30626,154,0.02005730659025788,0.9750397962432347,0.004902897166507482,76.0,332.0,635.0,1.0,6363.0,26947.0,38130.0,24.0,21.0,39.0,47.0,0.0,44,784129,2015-03-09,2015-03-16,2044.16,2074.28,1
387,31608,124,0.012048942993243874,0.9840904137737787,0.0038606432329773652,78.0,185.0,465.0,0.0,8138.0,34753.0,45576.0,81.0,43.0,233.0,224.0,0.0,48,870280,2015-03-16,2015-03-23,2074.28,2091.5,1
354,31043,100,0.011239165634822364,0.9855859288186176,0.00317490554655999,85.0,240.0,278.0,0.0,7113.0,29729.0,40558.0,15.0,32.0,59.0,65.0,0.0,47,845519,2015-03-23,2015-03-30,2091.5,2059.69,0
330,30874,120,0.010535052994509003,0.9856340186438514,0.0038309283616396374,57.0,154.0,242.0,0.0,8792.0,49629.0,64740.0,35.0,17.0,86.0,28.0,1.0,46,834974,2015-03-30,2015-04-06,2059.69,2076.33,1
426,30611,355,0.013570336391437308,0.9751210499490316,0.011308613659531092,51.0,290.0,675.0,0.0,7112.0,45065.0,53311.0,26.0,17.0,38.0,59.0,0.0,48,863991,2015-04-06,2015-04-13,2076.33,2095.84,1
231,15213,50,0.014908997031108817,0.981863947334452,0.003227055634439138,35.0,113.0,138.0,0.0,3637.0,23976.0,30198.0,11.0,6.0,2.0,9.0,0.0,21,393658,2015-04-13,2015-04-20,2095.84,2097.29,1
430,29705,195,0.014177382129904385,0.9793933399274646,0.006429277942631058,64.0,237.0,311.0,0.0,8233.0,47375.0,73721.0,14.0,25.0,27.0,47.0,0.0,20,382773,2015-04-20,2015-04-27,2097.29,2114.76,1
408,28863,134,0.01387519129399762,0.9815677605849346,0.004557048121067846,71.0,212.0,383.0,0.0,6442.0,61089.0,72960.0,122.0,27.0,63.0,344.0,0.0,10,186388,2015-04-27,2015-05-04,2114.76,2089.46,0
462,18769,135,0.02385624289992771,0.9691727770319116,0.006970980068160694,72.0,443.0,560.0,0.0,4212.0,31238.0,39186.0,12.0,23.0,37.0,83.0,3.0,8,156820,2015-05-04,2015-05-11,2089.46,2099.12,1
240,19038,89,0.012392213559147002,0.983012340579336,0.004595445861517013,22.0,32.0,84.0,0.0,4717.0,23653.0,35909.0,13.0,9.0,39.0,41.0,0.0,8,157741,2015-05-11,2015-05-18,2099.12,2127.83,1
227,18152,93,0.012288869640537029,0.9826764833261152,0.00503464703334777,25.0,225.0,457.0,0.0,3591.0,16944.0,27416.0,15.0,12.0,50.0,81.0,0.0,4,77110,2015-05-18,2015-05-25,2127.83,2104.2,0
121,9284,35,0.01281779661016949,0.9834745762711864,0.003707627118644068,16.0,33.0,88.0,0.0,2179.0,8887.0,13323.0,9.0,9.0,12.0,21.0,0.0,2,40158,2015-05-25,2015-06-01,2104.2,2109.6,1
345,21476,89,0.01574623459607485,0.9801916932907349,0.004062072113190324,56.0,342.0,612.0,0.0,4337.0,36660.0,52552.0,67.0,18.0,7.0,53.0,0.0,28,507696,2015-10-26,2015-11-02,2065.89,2109.79,1
437,31683,124,0.013552909068353802,0.9826014142165984,0.0038456767150477607,75.0,175.0,567.0,0.0,6172.0,46203.0,74426.0,38.0,24.0,97.0,179.0,0.0,46,817108,2015-11-02,2015-11-09,2109.79,2081.72,0
464,32066,211,0.0141718334809566,0.9793836474145566,0.006444519104486729,72.0,302.0,383.0,0.0,7177.0,39451.0,69805.0,52.0,23.0,75.0,159.0,0.0,46,806593,2015-11-09,2015-11-16,2081.72,2050.44,0
500,31395,176,0.015590408780518225,0.9789217673287394,0.005487823890742415,90.0,242.0,404.0,0.0,7233.0,38452.0,67593.0,34.0,30.0,48.0,83.0,0.0,44,767390,2015-11-16,2015-11-23,2050.44,2089.14,1
262,20838,84,0.012367824773413897,0.983666918429003,0.0039652567975830815,45.0,238.0,540.0,0.0,4866.0,30853.0,44900.0,39.0,12.0,110.0,187.0,0.0,33,583342,2015-11-23,2015-11-30,2089.14,2102.63,1
445,31758,123,0.013766008785497741,0.9824290045164883,0.0038049866980139823,211.0,741.0,1980.0,3.0,8127.0,66310.0,111345.0,70.0,19.0,29.0,77.0,0.0,42,759832,2015-11-30,2015-12-07,2102.63,2063.59,0
383,32060,106,0.011766874558358167,0.9849764969737933,0.0032566284678484745,79.0,160.0,414.0,2.0,7206.0,39176.0,67919.0,139.0,10.0,36.0,53.0,1.0,44,772464,2015-12-07,2015-12-14,2063.59,2043.41,0
488,31770,118,0.015072893501359031,0.9812824314306894,0.003644675067951569,98.0,1402.0,2021.0,0.0,14408.0,49789.0,80385.0,105.0,20.0,43.0,86.0,0.0,43,761826,2015-12-14,2015-12-21,2043.41,2038.97,0
279,21000,111,0.013043478260869565,0.9817671809256662,0.005189340813464236,52.0,159.0,467.0,0.0,5959.0,32346.0,59636.0,80.0,28.0,251.0,244.0,0.0,34,614102,2015-12-21,2015-12-28,2038.97,2078.36,1
533,31476,201,0.016547656007451103,0.9772120459484632,0.006240298044085687,179.0,3557.0,5300.0,0.0,7571.0,50475.0,79681.0,76.0,25.0,39.0,156.0,0.0,42,775115,2015-12-28,2016-01-04,2078.36,2016.71,0
433,32102,113,0.013262680715510905,0.9832761578044596,0.0034611614800294046,155.0,2942.0,3536.0,2.0,6220.0,30975.0,55527.0,76.0,28.0,15.0,52.0,0.0,45,791434,2016-01-04,2016-01-11,2016.71,1938.68,0
367,30096,87,0.012013093289689034,0.985139116202946,0.0028477905073649753,76.0,224.0,602.0,0.0,6492.0,42891.0,69012.0,78.0,6.0,22.0,25.0,0.0,46,807010,2016-01-11,2016-01-18,1938.68,1881.33,0
342,30877,98,0.010920586263052017,0.9859501229364243,0.003129290800523677,62.0,476.0,616.0,0.0,7467.0,33374.0,61515.0,60.0,14.0,29.0,17.0,0.0,41,726254,2016-01-18,2016-01-25,1881.33,1903.63,1
349,31121,110,0.011051298290056999,0.9854654844838505,0.0034832172260924636,116.0,399.0,954.0,0.0,7786.0,50656.0,90255.0,113.0,27.0,81.0,146.0,0.0,45,812548,2016-01-25,2016-02-01,1903.63,1903.03,0
416,30436,112,0.013434956723937476,0.9829479395426948,0.003617103733367782,99.0,1806.0,3441.0,0.0,6701.0,43050.0,70924.0,98.0,37.0,34.0,61.0,0.0,44,798500,2016-02-01,2016-02-08,1903.03,1852.21,0
189,15563,45,0.01196429701842122,0.9851870608343356,0.0028486421472431476,13.0,85.0,221.0,0.0,3202.0,24060.0,39258.0,23.0,2.0,5.0,5.0,0.0,19,328301,2016-02-08,2016-02-15,1852.21,1895.58,1
149,10623,54,0.01376316275632736,0.981248845372252,0.004987991871420654,14.0,16.0,85.0,0.0,2011.0,18145.0,29433.0,26.0,0.0,3.0,11.0,0.0,14,258993,2016-02-15,2016-02-22,1895.58,1921.27,1
364,31189,123,0.01149134991791893,0.9846255840383887,0.0038830660436923853,61.0,70.0,275.0,1.0,7324.0,35473.0,69245.0,75.0,32.0,61.0,87.0,0.0,44,802235,2016-02-22,2016-02-29,1921.27,1978.35,1
484,31110,158,0.015243134290753338,0.9797808012093726,0.004976064499874024,89.0,1003.0,1344.0,1.0,7817.0,63772.0,100275.0,100.0,26.0,30.0,87.0,0.0,46,832774,2016-02-29,2016-03-07,1978.35,1979.26,1
361,31212,185,0.011367214560110838,0.9828074815794445,0.005825303860444613,62.0,604.0,1489.0,3.0,6735.0,51307.0,88359.0,109.0,41.0,435.0,1099.0,0.0,44,783627,2016-03-07,2016-03-14,1979.26,2015.93,1
416,31372,109,0.01304197886948616,0.9835407718594226,0.0034172492710913254,88.0,1015.0,1868.0,3.0,6940.0,39228.0,74311.0,67.0,23.0,439.0,434.0,0.0,46,818184,2016-03-14,2016-03-21,2015.93,2049.8,1
351,29979,212,0.011492371161024164,0.98156636762491,0.006941261214065877,69.0,78.0,370.0,0.0,7108.0,39056.0,74089.0,50.0,35.0,87.0,202.0,0.0,45,811056,2016-03-21,2016-03-28,2049.8,2055.01,1
350,30808,123,0.01118890061059429,0.9848790000319683,0.003932099357437422,65.0,154.0,432.0,0.0,6561.0,51723.0,98340.0,167.0,68.0,1024.0,1619.0,0.0,47,856287,2016-03-28,2016-04-04,2055.01,2045.17,0
195,20398,66,0.0094389854300789,0.9873662810397406,0.003194733530180551,32.0,29.0,76.0,0.0,4695.0,40917.0,76761.0,430.0,6.0,10.0,19.0,0.0,30,556377,2016-04-04,2016-04-11,2045.17,2061.72,1
206,14910,54,0.013579433091628214,0.982860909690178,0.0035596572181938037,88.0,1365.0,2753.0,2.0,3860.0,31729.0,52458.0,63.0,14.0,31.0,40.0,0.0,23,430480,2016-04-11,2016-04-18,2061.72,2100.8,1
388,29257,156,0.013019697325593101,0.9817455790074159,0.005234723666991041,67.0,443.0,878.0,1.0,6589.0,44364.0,85047.0,87.0,21.0,238.0,246.0,0.0,19,366144,2016-04-18,2016-04-25,2100.8,2091.7,0
331,28890,140,0.01127345798848813,0.9839583120465925,0.004768229964919451,59.0,114.0,422.0,0.0,6698.0,38403.0,75275.0,68.0,15.0,30.0,81.0,0.0,13,251872,2016-04-25,2016-05-02,2091.7,2063.37,0
349,28695,132,0.011961886482040033,0.9835138469975322,0.0045242665204277485,117.0,380.0,760.0,0.0,6095.0,42324.0,77954.0,111.0,29.0,130.0,235.0,0.0,10,194738,2016-05-02,2016-05-09,2063.37,2084.39,1
261,18796,52,0.013658485530378356,0.9836202836359831,0.0027212308336386,46.0,95.0,295.0,0.0,4636.0,26325.0,52869.0,44.0,9.0,17.0,27.0,0.0,5,96129,2016-05-09,2016-05-16,2084.39,2047.21,0
201,18548,63,0.01068466935998299,0.9859664044227089,0.003348926217308101,28.0,38.0,135.0,1.0,4402.0,19688.0,39058.0,50.0,4.0,12.0,43.0,0.0,4,78923,2016-05-16,2016-05-23,2047.21,2076.06,1
283,22954,281,0.0120333361680415,0.9760183689089208,0.011948294923037674,44.0,200.0,448.0,0.0,5144.0,27666.0,49495.0,64.0,12.0,18.0,127.0,0.0,5,97169,2016-05-23,2016-05-30,2076.06,2096.95,1
283,22022,159,0.012597934472934473,0.9803240740740741,0.007077991452991453,109.0,1678.0,4182.0,139.0,4307.0,32715.0,68330.0,4989.0,37.0,1250.0,2250.0,114.0,28,516565,2016-10-24,2016-10-31,2143.16,2111.72,0
410,31902,163,0.01262509622786759,0.9823556581986144,0.005019245573518091,56.0,122.0,374.0,17.0,6559.0,55517.0,112453.0,6930.0,17.0,47.0,82.0,6.0,47,818548,2016-10-31,2016-11-07,2111.72,2139.56,1
456,31934,119,0.014026884862653419,0.9823125903595927,0.0036605247777538527,48.0,263.0,698.0,31.0,6927.0,77096.0,151324.0,8901.0,14.0,19.0,55.0,4.0,45,795163,2016-11-07,2016-11-14,2139.56,2180.39,1
497,30781,171,0.015803364176921363,0.9787592610257878,0.005437374797290851,70.0,226.0,619.0,72.0,6550.0,42846.0,86286.0,6819.0,21.0,89.0,104.0,5.0,46,798846,2016-11-14,2016-11-21,2180.39,2202.94,1
309,20780,75,0.0146002646002646,0.9818559818559819,0.0035437535437535437,180.0,4819.0,9524.0,461.0,5559.0,19762.0,46901.0,2670.0,14.0,48.0,64.0,8.0,30,532897,2016-11-21,2016-11-28,2202.94,2204.66,1
528,30967,118,0.01670198968778667,0.9795653686774428,0.0037326416347705058,66.0,190.0,698.0,21.0,9585.0,58032.0,110032.0,7567.0,17.0,16.0,66.0,8.0,43,752605,2016-11-28,2016-12-05,2204.66,2212.23,1
458,31350,237,0.014292401310656889,0.9783117491028241,0.007395849586518958,72.0,264.0,458.0,46.0,7615.0,44211.0,84216.0,10062.0,29.0,1118.0,820.0,113.0,46,777645,2016-12-05,2016-12-12,2212.23,2271.72,1
441,29837,149,0.014493706247740493,0.9806093272422519,0.004896966510007559,50.0,213.0,609.0,23.0,5341.0,45210.0,95579.0,5729.0,20.0,38.0,108.0,3.0,45,791725,2016-12-12,2016-12-19,2271.72,2270.76,0
251,20203,68,0.012230776727414482,0.984455706071533,0.003313517201052529,26.0,354.0,415.0,28.0,7758.0,29886.0,63262.0,4392.0,10.0,19.0,26.0,2.0,38,694960,2016-12-19,2016-12-26,2270.76,2268.88,0
381,30228,94,0.012409210826303618,0.9845291991010651,0.0030615900726313388,92.0,257.0,648.0,57.0,6754.0,52517.0,95042.0,7153.0,11.0,35.0,55.0,3.0,41,758252,2016-12-26,2017-01-02,2268.88,2257.83,0
353,30892,121,0.011254224319326659,0.9848880953899126,0.0038576802907606964,109.0,739.0,1253.0,91.0,7894.0,64279.0,110352.0,10020.0,10.0,12.0,58.0,6.0,47,835185,2017-01-02,2017-01-09,2257.83,2268.9,1
313,30248,160,0.010188470427394942,0.9846033657758536,0.005208163796751408,70.0,413.0,1116.0,45.0,7875.0,70793.0,130729.0,9118.0,18.0,44.0,121.0,8.0,42,767003,2017-01-09,2017-01-16,2268.9,2267.89,0
416,31013,179,0.013161225006327512,0.9811756517337383,0.005663123259934194,49.0,199.0,442.0,18.0,7912.0,61514.0,115092.0,10534.0,25.0,43.0,102.0,9.0,43,779485,2017-01-16,2017-01-23,2267.89,2280.07,1
421,31014,180,0.013316463703938004,0.9809900363751384,0.005693499920923612,128.0,440.0,1490.0,59.0,7555.0,54906.0,121451.0,9435.0,25.0,35.0,114.0,13.0,45,815796,2017-01-23,2017-01-30,2280.07,2278.87,0
444,30954,116,0.014088976327981215,0.9822301199466904,0.0036809037253284255,75.0,363.0,1290.0,52.0,7057.0,68838.0,142491.0,9295.0,16.0,10.0,45.0,2.0,44,782922,2017-01-30,2017-02-06,2278.87,2293.08,1
440,30320,168,0.014226590791515779,0.9803414381789963,0.005431971029487843,86.0,250.0,1066.0,26.0,8064.0,68778.0,148402.0,10419.0,20.0,91.0,195.0,8.0,41,726323,2017-02-06,2017-02-13,2293.08,2337.58,1
186,15516,45,0.011811773671175462,0.9853305391503143,0.0028576871785101926,24.0,145.0,220.0,12.0,3816.0,30706.0,60336.0,3781.0,3.0,7.0,20.0,3.0,19,345412,2017-02-13,2017-02-20,2337.58,2365.38,1
137,10306,49,0.013057567670606176,0.9822722073961113,0.004670224933282501,21.0,62.0,128.0,5.0,3007.0,13786.0,37717.0,2747.0,6.0,5.0,17.0,1.0,16,304066,2017-02-20,2017-02-27,2365.38,2363.64,0
417,31008,114,0.01322172548273566,0.9831637020831352,0.0036145724341291735,76.0,936.0,2543.0,123.0,8204.0,71488.0,166309.0,9283.0,10.0,26.0,85.0,2.0,45,817729,2017-02-27,2017-03-06,2363.64,2368.39,1
464,30967,123,0.014704950244026113,0.9813969702731825,0.0038980794827914054,142.0,1990.0,4496.0,171.0,9164.0,62700.0,141214.0,11577.0,32.0,909.0,2109.0,105.0,45,798481,2017-03-06,2017-03-13,2368.39,2365.45,0
397,30088,156,0.012956496197904769,0.9819522861525407,0.005091217649554518,125.0,944.0,2352.0,126.0,8281.0,40537.0,101937.0,7225.0,32.0,649.0,1337.0,54.0,45,819923,2017-03-13,2017-03-20,2365.45,2344.02,0
391,30043,164,0.012778612981240604,0.9818615595790574,0.005359827439701942,82.0,1237.0,2728.0,83.0,8513.0,52137.0,123522.0,7749.0,54.0,1718.0,2567.0,322.0,46,851453,2017-03-20,2017-03-27,2344.02,2358.57,1
424,30884,111,0.013495018937585538,0.982972086953754,0.003532894108660365,143.0,659.0,2591.0,136.0,9580.0,56631.0,141035.0,8028.0,11.0,14.0,37.0,3.0,51,936842,2017-03-27,2017-04-03,2358.57,2360.16,1
369,30214,118,0.012019152470603563,0.9841373245171167,0.0038435230122797303,108.0,458.0,987.0,112.0,10213.0,134887.0,262186.0,14772.0,22.0,766.0,774.0,72.0,49,902469,2017-04-03,2017-04-10,2360.16,2353.78,0
278,15217,93,0.01783423146009751,0.9761996407492943,0.00596612779060816,26.0,98.0,303.0,17.0,5528.0,58115.0,128895.0,7218.0,21.0,33.0,204.0,11.0,23,435740,2017-04-10,2017-04-17,2353.78,2342.19,0
357,28946,196,0.012102105156106987,0.9812536018170107,0.006644293026882267,49.0,866.0,1461.0,72.0,8240.0,105620.0,228406.0,10422.0,34.0,33.0,101.0,8.0,20,383713,2017-04-17,2017-04-24,2342.19,2388.61,1
303,19129,70,0.015536868013537073,0.980873756537791,0.003589375448671931,58.0,226.0,909.0,49.0,5588.0,33112.0,82718.0,6108.0,9.0,14.0,32.0,2.0,10,191902,2017-04-24,2017-05-01,2388.61,2391.17,1
369,28323,112,0.012810720733231496,0.9833009304263297,0.003888348840438828,60.0,59.0,460.0,13.0,6829.0,27394.0,67261.0,5334.0,16.0,19.0,75.0,7.0,12,234352,2017-05-01,2017-05-08,2391.17,2396.92,1
229,18563,48,0.012154989384288748,0.9852972399150743,0.0025477707006369425,44.0,97.0,484.0,21.0,5814.0,32858.0,84624.0,5612.0,4.0,7.0,59.0,3.0,4,75453,2017-05-08,2017-05-15,2396.92,2400.67,1
218,18641,108,0.011493646860336373,0.9828122528602309,0.005694100279432699,24.0,60.0,206.0,24.0,5260.0,22088.0,56801.0,3550.0,8.0,14.0,43.0,11.0,4,77574,2017-05-15,2017-05-22,2400.67,2398.42,0
50,4659,15,0.010584250635055038,0.9862404741744285,0.0031752751905165114,4.0,5.0,15.0,1.0,1286.0,3716.0,11207.0,745.0,1.0,2.0,4.0,0.0,1,20562,2017-05-22,2017-05-29,2398.42,2412.91,1
326,21677,135,0.014725810823019244,0.9791760773330924,0.006098111843888337,97.0,667.0,5215.0,53.0,8919.0,48758.0,152617.0,7842.0,31.0,535.0,1293.0,38.0,27,498712,2017-10-16,2017-10-23,2559.36,2569.13,1
443,31837,173,0.013650509968261794,0.9810187039718978,0.005330786059840385,89.0,542.0,905.0,34.0,12214.0,90002.0,255452.0,14482.0,38.0,390.0,686.0,18.0,43,762715,2017-10-23,2017-10-30,2569.13,2575.26,1
478,30979,153,0.01512179689971528,0.9800379626700412,0.004840240430243594,175.0,2082.0,7271.0,206.0,9996.0,49908.0,166072.0,7069.0,27.0,303.0,1128.0,29.0,45,787282,2017-10-30,2017-11-06,2575.26,2590.64,1
417,30909,151,0.013247768211710137,0.9819550783111478,0.0047971534771420405,102.0,1121.0,3623.0,96.0,11461.0,57175.0,177957.0,8836.0,34.0,134.0,345.0,11.0,43,774712,2017-11-06,2017-11-13,2590.64,2578.87,0
417,30539,123,0.013417420122912577,0.9826249235818398,0.003957656295247595,75.0,456.0,812.0,19.0,15332.0,73825.0,236081.0,13158.0,23.0,58.0,205.0,19.0,40,724655,2017-11-13,2017-11-20,2578.87,2599.03,1
249,20355,122,0.012013895590080093,0.9820997780565474,0.005886326353372576,86.0,1267.0,4840.0,162.0,7430.0,39756.0,128157.0,6786.0,44.0,387.0,1154.0,88.0,28,496975,2017-11-20,2017-11-27,2599.03,2627.04,1
451,31061,141,0.01424825450984109,0.9812971914194547,0.004454554070704199,154.0,961.0,3473.0,159.0,11581.0,68681.0,211413.0,9127.0,34.0,83.0,198.0,17.0,41,737555,2017-11-27,2017-12-04,2627.04,2629.57,1
412,30307,172,0.013337217959923603,0.9810948172606908,0.005567964779385581,139.0,2826.0,8291.0,224.0,12098.0,53921.0,174675.0,11364.0,36.0,86.0,166.0,16.0,41,716728,2017-12-04,2017-12-11,2629.57,2664.11,1
411,30405,262,0.013224789239976832,0.9783448098333226,0.00843040092670056,80.0,282.0,1769.0,35.0,13011.0,68078.0,236132.0,11562.0,32.0,96.0,205.0,17.0,44,768537,2017-12-11,2017-12-18,2664.11,2681.47,1
346,25683,118,0.013232875664512181,0.9822541782996137,0.0045129460358740965,48.0,99.0,350.0,12.0,11181.0,42798.0,136429.0,7659.0,14.0,33.0,60.0,19.0,42,757648,2017-12-18,2017-12-25,2681.47,2680.5,0
321,25118,106,0.01256605989430417,0.9832844000782932,0.004149540027402623,245.0,2674.0,9024.0,211.0,9860.0,50298.0,144915.0,9336.0,19.0,258.0,333.0,37.0,39,726702,2017-12-25,2018-01-01,2680.5,2695.81,1
340,30001,142,0.01115375783223436,0.984187908014303,0.004658334153462586,88.0,122.0,685.0,19.0,11908.0,81618.0,229113.0,10418.0,21.0,37.0,80.0,4.0,42,775197,2018-01-01,2018-01-08,2695.81,2751.29,1
483,29912,148,0.015813770749435224,0.9793406017745474,0.004845627476017418,336.0,1234.0,10006.0,74.0,13238.0,77700.0,245852.0,11519.0,112.0,291.0,731.0,540.0,39,688053,2018-01-08,2018-01-15,2751.29,2776.42,1
418,30232,173,0.013561301625409597,0.9808260065535477,0.005612691821042728,67.0,122.0,435.0,20.0,14589.0,97157.0,315393.0,16491.0,20.0,28.0,118.0,4.0,38,668926,2018-01-15,2018-01-22,2776.42,2839.13,1
396,29915,208,0.012975523444411679,0.9802090500999378,0.006815426455650578,110.0,250.0,1249.0,18.0,12501.0,66097.0,246779.0,11285.0,87.0,806.0,4038.0,62.0,42,765689,2018-01-22,2018-01-29,2839.13,2822.43,0
411,30521,182,0.013209487690428746,0.9809410554734204,0.005849456836150929,113.0,3480.0,11347.0,139.0,13083.0,59216.0,237262.0,11087.0,48.0,369.0,1239.0,45.0,46,827047,2018-01-29,2018-02-05,2822.43,2695.14,0
418,30740,165,0.013344826485330268,0.9813874788494078,0.005267694665261948,70.0,50.0,416.0,10.0,14152.0,64565.0,247609.0,11796.0,21.0,291.0,586.0,24.0,43,787849,2018-02-05,2018-02-12,2695.14,2662.94,0
185,15082,42,0.012084394800444183,0.9851721209745901,0.0027434842249657062,27.0,64.0,431.0,5.0,5497.0,18131.0,73219.0,2670.0,22.0,1015.0,1753.0,134.0,20,356844,2018-02-12,2018-02-19,2662.94,2716.26,1
165,10205,129,0.01571578245547195,0.9719973330793409,0.012286884465187161,17.0,30.0,156.0,3.0,4500.0,22106.0,86781.0,4144.0,11.0,43.0,98.0,11.0,13,245978,2018-02-19,2018-02-26,2716.26,2744.28,1
419,30790,139,0.013366083960699247,0.9821998213602143,0.004434094679086385,77.0,437.0,1460.0,68.0,12994.0,63077.0,223631.0,10342.0,25.0,194.0,426.0,27.0,43,774423,2018-02-26,2018-03-05,2744.28,2728.12,0
425,30746,181,0.013555754018882368,0.9806710895636642,0.005773156417453432,115.0,274.0,1596.0,28.0,13668.0,71891.0,291368.0,11162.0,90.0,5864.0,30154.0,291.0,44,807759,2018-03-05,2018-03-12,2728.12,2765.31,1
469,30563,120,0.015055213148433487,0.9810927067283,0.003852080123266564,195.0,1414.0,5668.0,93.0,12502.0,83191.0,354107.0,9630.0,79.0,754.0,3700.0,117.0,45,826568,2018-03-12,2018-03-19,2765.31,2716.94,0
392,30927,120,0.012468589967874297,0.9837144947358376,0.00381691529628805,101.0,1424.0,5940.0,81.0,13647.0,72771.0,271782.0,12513.0,32.0,62.0,127.0,6.0,46,833333,2018-03-19,2018-03-26,2716.94,2612.62,0
410,30161,97,0.013368983957219251,0.9834681100821704,0.003162905960610408,120.0,400.0,3040.0,68.0,15384.0,90632.0,346493.0,15686.0,25.0,51.0,231.0,20.0,48,881488,2018-03-26,2018-04-02,2612.62,2614.45,1
341,20435,86,0.016345508580193655,0.97953216374269,0.004122327677116288,79.0,468.0,2835.0,54.0,9697.0,48526.0,208342.0,8080.0,38.0,501.0,2001.0,88.0,29,540498,2018-04-02,2018-04-09,2614.45,2656.87,1
266,15110,90,0.0171990171990172,0.9769817664554507,0.005819216345532135,32.0,167.0,648.0,9.0,7930.0,79976.0,284392.0,8147.0,17.0,13.0,117.0,8.0,22,415655,2018-04-09,2018-04-16,2656.87,2706.39,1
430,29277,213,0.014371657754010695,0.9785093582887701,0.0071189839572192515,221.0,696.0,3765.0,61.0,15468.0,100483.0,398080.0,18122.0,33.0,43.0,245.0,11.0,20,380575,2018-04-16,2018-04-23,2706.39,2634.56,0
398,28940,173,0.01348649656060452,0.9806512825726,0.005862220866795432,74.0,135.0,1653.0,17.0,13831.0,47066.0,185869.0,11631.0,39.0,35.0,156.0,7.0,15,288337,2018-04-23,2018-04-30,2634.56,2654.8,1
484,28380,220,0.01664145234493192,0.9757942511346445,0.007564296520423601,282.0,674.0,3693.0,59.0,13302.0,32023.0,139648.0,8588.0,37.0,4831.0,6230.0,438.0,11,211352,2018-04-30,2018-05-07,2654.8,2671.92,1
109,9605,31,0.011185223191380196,0.9856336582863007,0.003181118522319138,37.0,142.0,134.0,4.0,4563.0,8845.0,38587.0,1681.0,5.0,1.0,22.0,0.0,3,56275,2018-05-07,2018-05-14,2671.92,2711.45,1
144,14096,51,0.010076271779441606,0.9863550486320062,0.0035686795885522355,64.0,267.0,3167.0,21.0,6993.0,18220.0,80107.0,4799.0,21.0,203.0,2341.0,13.0,3,56339,2018-05-14,2018-05-21,2711.45,2724.44,1
323,28193,103,0.011286208462909257,0.9851147838848318,0.003599007652258989,113.0,104.0,1335.0,7.0,13850.0,56663.0,185339.0,10563.0,18.0,9.0,86.0,5.0,6,115210,2018-05-21,2018-05-28,2724.44,2689.86,0
0,0,0,0.0,0.0,0.0,0.0,0.0,0.0,0.0,0.0,0.0,0.0,0.0,0.0,0.0,0.0,0.0,0,0,2018-05-28,2018-06-04,2689.86,2748.8,1
287,20711,92,0.013608345187292556,0.9820293978188716,0.004362256993835942,71.0,168.0,1308.0,29.0,10664.0,52627.0,219280.0,10626.0,17.0,13.0,45.0,3.0,26,486071,2018-10-15,2018-10-22,2809.92,2740.69,0
504,31312,129,0.015777116919705743,0.9801846924401315,0.00403819064016278,80.0,171.0,716.0,27.0,17467.0,86588.0,426978.0,21176.0,31.0,58.0,304.0,18.0,38,662497,2018-10-22,2018-10-29,2740.69,2682.63,0
438,30624,152,0.014032165054142372,0.981098225155379,0.004869609790478632,291.0,297.0,1750.0,92.0,14673.0,83125.0,398093.0,13640.0,33.0,31.0,199.0,11.0,44,761666,2018-10-29,2018-11-05,2682.63,2755.45,1
437,30822,135,0.013919857297572785,0.9817799579537492,0.004300184748678091,72.0,269.0,1388.0,27.0,15086.0,91785.0,431873.0,16461.0,16.0,9.0,58.0,7.0,41,735299,2018-11-05,2018-11-12,2755.45,2722.18,0
477,30704,144,0.015227454110135675,0.9801755786113328,0.004596967278531525,85.0,304.0,1182.0,31.0,16102.0,78095.0,375325.0,12153.0,37.0,291.0,597.0,56.0,40,687986,2018-11-12,2018-11-19,2722.18,2641.89,0
230,20438,94,0.011077930835179654,0.9843945669973991,0.0045275021674212506,63.0,35.0,425.0,7.0,8920.0,33429.0,174356.0,6261.0,17.0,17.0,159.0,4.0,32,563455,2018-11-19,2018-11-26,2641.89,2682.17,1
361,30082,113,0.01181437360911114,0.9844874983636601,0.0036981280272286947,68.0,293.0,1272.0,30.0,14710.0,64148.0,340128.0,11789.0,20.0,8.0,38.0,6.0,42,727446,2018-11-26,2018-12-03,2682.17,2700.06,1
403,29995,122,0.013204456094364351,0.9827981651376146,0.00399737876802097,78.0,58.0,447.0,14.0,17210.0,85450.0,399730.0,14033.0,63.0,46.0,717.0,1.0,41,704559,2018-12-03,2018-12-10,2700.06,2636.78,0
424,30609,178,0.01358495402262023,0.9807119284867515,0.005703117490628304,106.0,113.0,1586.0,16.0,17948.0,58873.0,312482.0,15476.0,29.0,79.0,257.0,21.0,41,730610,2018-12-10,2018-12-17,2636.78,2546.16,0
381,29942,195,0.012484435415164821,0.9811258929156563,0.0063896716691788456,83.0,165.0,1137.0,20.0,18758.0,42293.0,235900.0,8413.0,38.0,33.0,139.0,16.0,46,827011,2018-12-17,2018-12-24,2546.16,2467.7,0
262,20269,113,0.01269133888781244,0.9818349157140089,0.0054737453981786475,131.0,111.0,834.0,19.0,13125.0,58046.0,262141.0,11830.0,30.0,44.0,203.0,22.0,30,557275,2018-12-24,2018-12-31,2467.7,2510.03,1
373,30007,164,0.012211891042430593,0.9824188056574122,0.005369303300157151,66.0,82.0,503.0,6.0,20681.0,89385.0,436643.0,20446.0,21.0,14.0,76.0,5.0,42,756520,2018-12-31,2019-01-07,2510.03,2574.41,1
387,30494,161,0.012466980220346627,0.9823464982926358,0.005186521487017589,161.0,600.0,3824.0,122.0,18315.0,59455.0,326569.0,12094.0,43.0,81.0,374.0,11.0,46,832531,2019-01-07,2019-01-14,2574.41,2610.3,1
457,30223,196,0.014801140044047156,0.9788508874206503,0.006347972535302501,341.0,2006.0,11475.0,560.0,18287.0,69345.0,338304.0,11552.0,37.0,29.0,311.0,8.0,40,715832,2019-01-14,2019-01-21,2610.3,2632.9,1
356,30601,131,0.011451363870303655,0.9843347915594441,0.004213844570252187,115.0,381.0,3884.0,30.0,20260.0,64151.0,332414.0,15067.0,25.0,13.0,97.0,2.0,42,755625,2019-01-21,2019-01-28,2632.9,2640.0,1
488,30351,181,0.015731785944551904,0.9784332688588008,0.0058349451966473245,88.0,201.0,1207.0,36.0,17394.0,59607.0,301098.0,12343.0,28.0,32.0,174.0,5.0,41,729876,2019-01-28,2019-02-04,2640.0,2737.7,1
418,30399,142,0.013501728091992635,0.981911560450919,0.004586711457088407,109.0,296.0,3311.0,49.0,19904.0,60031.0,333119.0,12007.0,19.0,43.0,272.0,2.0,43,762811,2019-02-04,2019-02-11,2737.7,2744.73,1
154,15295,56,0.009932279909706547,0.9864559819413092,0.0036117381489841984,66.0,440.0,2898.0,45.0,9284.0,27709.0,149370.0,5047.0,64.0,922.0,6543.0,63.0,19,337185,2019-02-11,2019-02-18,2744.73,2779.76,1
149,10271,33,0.014254281067636085,0.9825887305079881,0.0031569884243757775,24.0,14.0,159.0,5.0,6080.0,15175.0,94565.0,3355.0,3.0,1.0,5.0,1.0,15,285444,2019-02-18,2019-02-25,2779.76,2793.9,1
370,30051,236,0.01206902175685814,0.9802328995009296,0.007698078742212219,104.0,235.0,1598.0,30.0,21765.0,87376.0,492144.0,16186.0,36.0,55.0,337.0,9.0,44,799962,2019-02-25,2019-03-04,2793.9,2789.65,0
318,29861,134,0.010490548609507473,0.9850889057500083,0.004420545640484281,88.0,311.0,2127.0,44.0,20775.0,81162.0,456680.0,17153.0,187.0,1510.0,6157.0,692.0,42,745047,2019-03-04,2019-03-11,2789.65,2791.52,1
416,29983,147,0.013618804426111438,0.9815687815098539,0.004812414064034571,424.0,4253.0,33060.0,522.0,19826.0,73636.0,401723.0,13345.0,22.0,32.0,142.0,7.0,43,792731,2019-03-11,2019-03-18,2791.52,2832.57,1
342,30226,137,0.011138251099169516,0.9843999348640287,0.0044618140368018235,86.0,174.0,1670.0,30.0,21463.0,55379.0,350027.0,11961.0,39.0,54.0,1663.0,12.0,44,801695,2019-03-18,2019-03-25,2832.57,2818.46,0
397,29997,134,0.013004454926624737,0.9826061320754716,0.004389412997903564,99.0,70.0,516.0,57.0,21289.0,68910.0,409397.0,13987.0,33.0,87.0,737.0,14.0,45,815496,2019-03-25,2019-04-01,2818.46,2867.24,1
379,29737,129,0.012530996858984957,0.983203835344685,0.004265167796329972,90.0,229.0,1807.0,29.0,18918.0,150318.0,722605.0,15451.0,29.0,15.0,140.0,3.0,48,889072,2019-04-01,2019-04-08,2867.24,2878.2,1
60,4977,37,0.011824990145841546,0.9808829325975562,0.007292077256602286,10.0,8.0,56.0,1.0,3285.0,17193.0,107261.0,4818.0,35.0,104.0,1118.0,16.0,4,74094,2019-04-08,2019-04-15,2878.2,2907.06,1
403,29215,158,0.013534390112842559,0.9811593229446535,0.00530628694250403,131.0,239.0,2252.0,44.0,18679.0,44189.0,291648.0,9552.0,46.0,69.0,535.0,12.0,20,373557,2019-04-15,2019-04-22,2907.06,2933.68,1
330,28475,190,0.011381272633212623,0.9820658734264528,0.00655285394033454,122.0,232.0,4332.0,31.0,16556.0,43841.0,249158.0,7597.0,30.0,32.0,333.0,11.0,12,231911,2019-04-22,2019-04-29,2933.68,2945.83,1
344,28447,129,0.01189488243430152,0.9836445366528354,0.00446058091286307,84.0,69.0,632.0,17.0,21515.0,63834.0,313772.0,10301.0,34.0,52.0,248.0,9.0,9,175081,2019-04-29,2019-05-06,2945.83,2884.05,0
216,19477,83,0.010922330097087379,0.9848806634304207,0.004197006472491909,62.0,34.0,345.0,8.0,20874.0,32031.0,179111.0,13591.0,13.0,5.0,73.0,1.0,7,135706,2019-05-06,2019-05-13,2884.05,2834.41,0
182,18711,92,0.009586515670266,0.9855675533315775,0.0048459309981564395,58.0,31.0,322.0,8.0,12561.0,43107.0,247622.0,10702.0,27.0,20.0,216.0,9.0,4,77303,2019-05-13,2019-05-20,2834.41,2864.36,1
53,4745,17,0.011007268951194185,0.9854620976116303,0.0035306334371754933,9.0,3.0,81.0,0.0,3337.0,12539.0,70062.0,2536.0,1.0,1.0,9.0,0.0,1,20237,2019-05-20,2019-05-27,2864.36,2802.39,0
296,20675,135,0.014024448024258505,0.9795792665592723,0.00639628541646925,102.0,273.0,2908.0,52.0,14723.0,64275.0,392963.0,10298.0,30.0,7.0,150.0,3.0,27,488337,2019-10-21,2019-10-28,2995.99,3036.89,1
429,30858,185,0.013631164209456025,0.9804905948144382,0.005878240976105745,100.0,107.0,1330.0,20.0,21282.0,78425.0,509308.0,14836.0,102.0,326.0,2282.0,42.0,39,701034,2019-10-28,2019-11-04,3036.89,3074.62,1
406,30688,143,0.012997406921279252,0.9824246886704869,0.004577904408233825,220.0,1610.0,15172.0,321.0,25074.0,94511.0,544514.0,22856.0,24.0,19.0,136.0,4.0,43,760531,2019-11-04,2019-11-11,3074.62,3091.84,1
410,30921,159,0.01302000635122261,0.9819307716735471,0.005049221975230232,103.0,115.0,1434.0,19.0,26047.0,67075.0,426031.0,17328.0,25.0,13.0,113.0,6.0,43,756199,2019-11-11,2019-11-18,3091.84,3120.18,1
392,30340,151,0.012693067383350062,0.9824175112521452,0.004889421364504744,108.0,84.0,773.0,32.0,26613.0,105095.0,614024.0,40403.0,42.0,169.0,334.0,44.0,42,743144,2019-11-18,2019-11-25,3120.18,3140.52,1
276,20159,98,0.01344177665221838,0.9817854185944577,0.004772804753323917,130.0,792.0,6671.0,106.0,16343.0,52372.0,326440.0,12430.0,25.0,14.0,352.0,6.0,29,512198,2019-11-25,2019-12-02,3140.52,3093.2,0
375,30628,187,0.012023084321898045,0.9819814042962488,0.005995511381853158,129.0,138.0,2669.0,25.0,23021.0,71437.0,429655.0,14603.0,117.0,81.0,560.0,27.0,44,785019,2019-12-02,2019-12-09,3093.2,3132.52,1
365,30683,181,0.011687854238047968,0.9825162509206187,0.0057958948413333765,820.0,1289.0,7504.0,220.0,23814.0,75247.0,431653.0,15024.0,57.0,81.0,305.0,12.0,42,738253,2019-12-09,2019-12-16,3132.52,3192.52,1
387,30444,129,0.0125,0.9833333333333333,0.004166666666666667,122.0,107.0,918.0,14.0,23076.0,73436.0,490180.0,11022.0,38.0,37.0,310.0,6.0,43,770255,2019-12-16,2019-12-23,3192.52,3223.38,1
383,20472,112,0.01826680020985358,0.9763914723136358,0.005341727476510708,174.0,147.0,3266.0,45.0,17380.0,60493.0,342651.0,12319.0,28.0,7.0,243.0,6.0,31,571858,2019-12-23,2019-12-30,3223.38,3257.85,1
380,30239,159,0.01234648125284294,0.9824874910650465,0.005166027682110598,108.0,112.0,1810.0,17.0,23454.0,92008.0,697003.0,14606.0,39.0,39.0,593.0,10.0,42,761540,2019-12-30,2020-01-06,3257.85,3237.18,0
466,30478,194,0.014965636842443317,0.9788040336566254,0.006230329500931338,227.0,699.0,5413.0,143.0,23245.0,69789.0,479074.0,13281.0,61.0,51.0,512.0,12.0,43,749476,2020-01-06,2020-01-13,3237.18,3283.15,1
381,30537,156,0.012261054257578683,0.9827186715582159,0.005020274184205445,149.0,171.0,2053.0,145.0,22200.0,57921.0,419624.0,12157.0,41.0,14.0,669.0,6.0,41,743491,2020-01-13,2020-01-20,3283.15,3320.79,1
341,30132,146,0.011136875796074332,0.9840948430712956,0.004768281132630066,70.0,144.0,1066.0,39.0,21977.0,95362.0,598156.0,17218.0,738.0,92188.0,523942.0,1383.0,40,711121,2020-01-20,2020-01-27,3320.79,3276.24,0
339,30072,192,0.011077345358298206,0.9826487599254975,0.006273894716204293,127.0,126.0,1465.0,24.0,23395.0,78071.0,512200.0,20118.0,29.0,25.0,139.0,1.0,41,741982,2020-01-27,2020-02-03,3276.24,3297.59,1
446,30929,178,0.014134947548569074,0.9802237505150065,0.005641301936424429,129.0,83.0,985.0,20.0,29288.0,81686.0,616939.0,31328.0,50.0,46.0,458.0,16.0,42,755055,2020-02-03,2020-02-10,3297.59,3357.75,1
175,15146,61,0.011376934078793395,0.9846573917565986,0.003965674164607983,51.0,42.0,449.0,6.0,14370.0,31014.0,213486.0,9351.0,11.0,9.0,117.0,1.0,18,318457,2020-02-10,2020-02-17,3357.75,3370.29,1
186,9945,188,0.01802500242271538,0.9637561779242174,0.018218819653067157,82.0,56.0,1111.0,5.0,6961.0,29977.0,217020.0,5208.0,20.0,35.0,388.0,9.0,14,264160,2020-02-17,2020-02-24,3370.29,3128.21,0
381,30517,168,0.012264211678362197,0.9823279469516514,0.005407841369986481,215.0,389.0,3229.0,104.0,24085.0,66730.0,444726.0,13698.0,39.0,19.0,219.0,3.0,45,813794,2020-02-24,2020-03-02,3128.21,3003.37,0
402,30700,165,0.012857005788850864,0.9818658649694566,0.0052771292416925195,192.0,1298.0,9433.0,148.0,25462.0,106886.0,775383.0,22972.0,27.0,21.0,1045.0,4.0,48,846515,2020-03-02,2020-03-09,3003.37,2882.23,0
108,9957,85,0.012857005788850864,0.9818658649694566,0.0052771292416925195,29.0,64.0,176.0,4.0,8590.0,26503.0,176018.0,7568.0,19.0,11.0,213.0,3.0,13,233656,2020-03-09,2020-03-16,3003.37,2882.23,0
