Date,Number Games,Total Attendance,Avg Attendance Per Game
2006-10-31,2,39226,19613
2006-11-01,13,242688,18668.30769
2006-11-02,2,38466,19233
2006-11-03,13,242171,18628.53846
2006-11-04,9,175518,19502
2006-11-05,5,84912,16982.4
2006-11-06,7,127829,18261.28571
2006-11-07,6,108307,18051.16667
2006-11-08,11,181349,16486.27273
2006-11-09,3,55296,18432
2006-11-10,10,172172,17217.2
2006-11-11,8,152401,19050.125
2006-11-12,7,117698,16814
2006-11-13,3,47239,15746.33333
2006-11-14,8,137846,17230.75
2006-11-15,9,154157,17128.55556
2006-11-16,2,34585,17292.5
2006-11-17,10,185983,18598.3
2006-11-18,13,237534,18271.84615
2006-11-19,2,36314,18157
2006-11-20,7,109660,15665.71429
2006-11-21,7,125942,17991.71429
2006-11-22,13,222354,17104.15385
2006-11-24,13,235336,18102.76923
2006-11-25,11,201373,18306.63636
2006-11-26,5,84401,16880.2
2006-11-27,4,73506,18376.5
2006-11-28,9,141025,15669.44444
2006-11-29,9,154361,17151.22222
2006-11-30,2,38597,19298.5
2006-12-01,10,177704,17770.4
2006-12-02,10,191347,19134.7
2006-12-03,4,56078,14019.5
2006-12-04,7,125565,17937.85714
2006-12-05,6,104852,17475.33333
2006-12-06,10,163394,16339.4
2006-12-07,3,54435,18145
2006-12-08,12,204488,17040.66667
2006-12-09,9,167623,18624.77778
2006-12-10,5,81565,16313
2006-12-11,9,155199,17244.33333
2006-12-12,4,64171,16042.75
2006-12-13,13,221915,17070.38462
2006-12-14,3,52487,17495.66667
2006-12-15,12,221664,18472
2006-12-16,10,177584,17758.4
2006-12-17,5,91497,18299.4
2006-12-18,6,95662,15943.66667
2006-12-19,2,41183,20591.5
2006-12-20,12,200216,16684.66667
2006-12-21,2,37879,18939.5
2006-12-22,13,228009,17539.15385
2006-12-23,11,198487,18044.27273
2006-12-25,1,20283,20283
2006-12-26,11,205282,18662
2006-12-27,11,198863,18078.45455
2006-12-28,3,56680,18893.33333
2006-12-29,13,255664,19666.46154
2006-12-30,9,167425,18602.77778
2006-12-31,7,130691,18670.14286
2007-01-01,2,26983,13491.5
2007-01-02,7,131944,18849.14286
2007-01-03,9,143395,15932.77778
2007-01-04,3,55794,18598
2007-01-05,12,213546,17795.5
2007-01-06,7,126714,18102
2007-01-07,7,124534,17790.57143
2007-01-08,3,51704,17234.66667
2007-01-09,8,132214,16526.75
2007-01-10,12,206734,17227.83333
2007-01-11,2,40353,20176.5
2007-01-12,12,200352,16696
2007-01-13,9,169955,18883.88889
2007-01-14,2,36690,18345
2007-01-15,11,194402,17672.90909
2007-01-16,3,53561,17853.66667
2007-01-17,11,181418,16492.54545
2007-01-18,2,40046,20023
2007-01-19,11,189431,17221
2007-01-20,10,190378,19037.8
2007-01-21,4,67785,16946.25
2007-01-22,9,158700,17633.33333
2007-01-23,6,106337,17722.83333
2007-01-24,11,185923,16902.09091
2007-01-25,2,40298,20149
2007-01-26,12,224707,18725.58333
2007-01-27,9,165395,18377.22222
2007-01-28,6,111201,18533.5
2007-01-29,7,108283,15469
2007-01-30,6,111946,18657.66667
2007-01-31,13,211600,16276.92308
2007-02-01,2,38547,19273.5
2007-02-02,10,173072,17307.2
2007-02-03,10,181061,18106.1
2007-02-04,3,52178,17392.66667
2007-02-05,9,146663,16295.88889
2007-02-06,5,83861,16772.2
2007-02-07,10,159379,15937.9
2007-02-08,3,56757,18919
2007-02-09,11,194997,17727
2007-02-10,7,131233,18747.57143
2007-02-11,9,159495,17721.66667
2007-02-12,3,57500,19166.66667
2007-02-13,7,115649,16521.28571
2007-02-14,13,216011,16616.23077
2007-02-15,2,37267,18633.5
2007-02-20,10,172950,17295
2007-02-21,11,190209,17291.72727
2007-02-22,3,56518,18839.33333
2007-02-23,12,221631,18469.25
2007-02-24,6,112292,18715.33333
2007-02-25,8,145548,18193.5
2007-02-26,10,175300,17530
2007-02-27,5,75198,15039.6
2007-02-28,10,173499,17349.9
2007-03-01,3,50092,16697.33333
2007-03-02,11,207314,18846.72727
2007-03-03,8,145760,18220
2007-03-04,7,119668,17095.42857
2007-03-05,6,117265,19544.16667
2007-03-06,7,119253,17036.14286
2007-03-07,10,176258,17625.8
2007-03-08,2,34768,17384
2007-03-09,8,145402,18175.25
2007-03-10,7,125547,17935.28571
2007-03-11,9,164285,18253.88889
2007-03-12,5,76137,15227.4
2007-03-13,9,154931,17214.55556
2007-03-14,10,167833,16783.3
2007-03-15,3,51299,17099.66667
2007-03-16,9,170059,18895.44444
2007-03-17,9,158151,17572.33333
2007-03-18,7,130573,18653.28571
2007-03-19,2,33043,16521.5
2007-03-20,10,177733,17773.3
2007-03-21,8,138228,17278.5
2007-03-22,5,93757,18751.4
2007-03-23,12,219320,18276.66667
2007-03-24,4,76022,19005.5
2007-03-25,9,161578,17953.11111
2007-03-26,9,168808,18756.44444
2007-03-27,4,67305,16826.25
2007-03-28,11,199417,18128.81818
2007-03-29,3,57457,19152.33333
2007-03-30,12,221178,18431.5
2007-03-31,4,77048,19262
2007-04-01,12,213596,17799.66667
2007-04-03,9,148948,16549.77778
2007-04-04,11,187999,17090.81818
2007-04-05,2,39359,19679.5
2007-04-06,13,238227,18325.15385
2007-04-07,9,165202,18355.77778
2007-04-08,6,111715,18619.16667
2007-04-09,8,140606,17575.75
2007-04-10,7,116575,16653.57143
2007-04-11,9,162061,18006.77778
2007-04-12,2,39559,19779.5
2007-04-13,12,230177,19181.41667
2007-04-14,7,133374,19053.42857
2007-04-15,9,174389,19376.55556
2007-04-16,8,142004,17750.5
2007-04-17,6,110159,18359.83333
2007-04-18,14,246365,17597.5
2007-04-21,4,82784,20696
2007-04-22,4,78513,19628.25
2007-04-23,2,40282,20141
2007-04-24,3,61758,20586
2007-04-25,3,60226,20075.33333
2007-04-26,3,56359,18786.33333
2007-04-27,3,58056,19352
2007-04-28,4,77486,19371.5
2007-04-29,4,79984,19996
2007-04-30,3,58131,19377
2007-05-01,2,41552,20776
2007-05-02,2,37219,18609.5
2007-05-03,2,40588,20294
2007-05-04,1,17242,17242
2007-05-05,2,40383,20191.5
2007-05-06,2,38984,19492
2007-05-07,2,41987,20993.5
2007-05-08,2,38984,19492
2007-05-09,1,19911,19911
2007-05-10,1,23462,23462
2007-05-11,1,20655,20655
2007-05-12,2,38829,19414.5
2007-05-13,2,43778,21889
2007-05-14,2,38829,19414.5
2007-05-15,2,41987,20993.5
2007-05-16,2,38984,19492
2007-05-17,1,23030,23030
2007-05-18,2,38829,19414.5
2007-05-20,1,18300,18300
2007-05-21,1,22076,22076
2007-05-22,1,18797,18797
2007-05-24,1,22076,22076
2007-05-26,1,19911,19911
2007-05-27,1,20562,20562
2007-05-28,1,19911,19911
2007-05-29,1,20562,20562
2007-05-30,1,18797,18797
2007-05-31,1,22076,22076
2007-06-02,1,20562,20562
2007-06-07,1,18797,18797
2007-06-10,1,18797,18797
2007-06-12,1,20562,20562
2007-06-14,1,20562,20562
2007-10-30,3,57626,19208.66667
2007-10-31,8,143541,17942.625
2007-11-01,3,56583,18861
2007-11-02,13,226555,17427.30769
2007-11-03,7,131960,18851.42857
2007-11-04,8,149190,18648.75
2007-11-05,1,20389,20389
2007-11-06,10,163582,16358.2
2007-11-07,9,144050,16005.55556
2007-11-08,3,54660,18220
2007-11-09,13,225089,17314.53846
2007-11-10,7,123101,17585.85714
2007-11-11,7,104475,14925
2007-11-12,3,51898,17299.33333
2007-11-13,8,129855,16231.875
2007-11-14,13,199945,15380.38462
2007-11-15,2,38890,19445
2007-11-16,12,193411,16117.58333
2007-11-17,10,168813,16881.3
2007-11-18,4,69294,17323.5
2007-11-19,4,53127,13281.75
2007-11-20,8,131749,16468.625
2007-11-21,13,220075,16928.84615
2007-11-23,12,220242,18353.5
2007-11-24,10,167433,16743.3
2007-11-25,5,86662,17332.4
2007-11-26,7,110322,15760.28571
2007-11-27,7,119537,17076.71429
2007-11-28,10,162354,16235.4
2007-11-29,3,57217,19072.33333
2007-11-30,11,187652,17059.27273
2007-12-01,7,114561,16365.85714
2007-12-02,8,138951,17368.875
2007-12-03,6,100439,16739.83333
2007-12-04,6,90232,15038.66667
2007-12-05,11,176494,16044.90909
2007-12-06,3,52367,17455.66667
2007-12-07,11,180803,16436.63636
2007-12-08,7,130108,18586.85714
2007-12-09,7,120010,17144.28571
2007-12-10,5,80006,16001.2
2007-12-11,8,132265,16533.125
2007-12-12,11,167936,15266.90909
2007-12-13,2,38597,19298.5
2007-12-14,12,206193,17182.75
2007-12-15,11,196351,17850.09091
2007-12-16,4,74551,18637.75
2007-12-17,8,138000,17250
2007-12-18,3,48667,16222.33333
2007-12-19,13,199095,15315
2007-12-20,3,56319,18773
2007-12-21,10,177654,17765.4
2007-12-22,9,144462,16051.33333
2007-12-23,5,96080,19216
2007-12-25,3,60086,20028.66667
2007-12-26,11,190291,17299.18182
2007-12-27,3,55405,18468.33333
2007-12-28,12,226216,18851.33333
2007-12-29,9,159227,17691.88889
2007-12-30,6,113345,18890.83333
2007-12-31,8,130932,16366.5
2008-01-02,12,201972,16831
2008-01-03,3,59333,19777.66667
2008-01-04,12,210111,17509.25
2008-01-05,6,115257,19209.5
2008-01-06,8,133821,16727.625
2008-01-07,2,37529,18764.5
2008-01-08,9,141863,15762.55556
2008-01-09,11,191802,17436.54545
2008-01-10,3,51201,17067
2008-01-11,11,190935,17357.72727
2008-01-12,7,126935,18133.57143
2008-01-13,6,105125,17520.83333
2008-01-14,7,112458,16065.42857
2008-01-15,8,129553,16194.125
2008-01-16,8,122280,15285
2008-01-17,3,52749,17583
2008-01-18,10,186939,18693.9
2008-01-19,11,195733,17793.90909
2008-01-20,1,18422,18422
2008-01-21,13,223508,17192.92308
2008-01-22,2,27735,13867.5
2008-01-23,12,185786,15482.16667
2008-01-24,3,53463,17821
2008-01-25,13,243196,18707.38462
2008-01-26,4,67543,16885.75
2008-01-27,10,177679,17767.9
2008-01-28,4,61613,15403.25
2008-01-29,9,148235,16470.55556
2008-01-30,10,155102,15510.2
2008-01-31,4,72231,18057.75
2008-02-01,9,157340,17482.22222
2008-02-02,8,130660,16332.5
2008-02-03,2,42249,21124.5
2008-02-04,9,148794,16532.66667
2008-02-05,5,73563,14712.6
2008-02-06,11,203420,18492.72727
2008-02-07,3,52101,17367
2008-02-08,11,205003,18636.63636
2008-02-09,7,120527,17218.14286
2008-02-10,7,129464,18494.85714
2008-02-11,7,115389,16484.14286
2008-02-12,6,98305,16384.16667
2008-02-13,14,233801,16700.07143
2008-02-14,2,40214,20107
2008-02-19,10,179277,17927.7
2008-02-20,10,159970,15997
2008-02-21,3,50082,16694
2008-02-22,13,238217,18324.38462
2008-02-23,7,132643,18949
2008-02-24,8,151633,18954.125
2008-02-25,6,97439,16239.83333
2008-02-26,8,132104,16513
2008-02-27,10,163329,16332.9
2008-02-28,3,51828,17276
2008-02-29,12,227063,18921.91667
2008-03-01,5,85418,17083.6
2008-03-02,11,184947,16813.36364
2008-03-03,3,54069,18023
2008-03-04,8,143312,17914
2008-03-05,12,199161,16596.75
2008-03-06,3,60150,20050
2008-03-07,12,214305,17858.75
2008-03-08,10,189554,18955.4
2008-03-09,5,95732,19146.4
2008-03-10,7,132857,18979.57143
2008-03-11,6,98792,16465.33333
2008-03-12,11,199574,18143.09091
2008-03-13,3,51928,17309.33333
2008-03-14,10,186993,18699.3
2008-03-15,8,149689,18711.125
2008-03-16,7,133232,19033.14286
2008-03-17,8,118487,14810.875
2008-03-18,7,133409,19058.42857
2008-03-19,10,168882,16888.2
2008-03-20,3,62846,20948.66667
2008-03-21,10,184541,18454.1
2008-03-22,11,193442,17585.63636
2008-03-23,4,79381,19845.25
2008-03-24,8,142050,17756.25
2008-03-25,6,110252,18375.33333
2008-03-26,12,206774,17231.16667
2008-03-27,3,60055,20018.33333
2008-03-28,11,192525,17502.27273
2008-03-29,6,121998,20333
2008-03-30,9,163423,18158.11111
2008-03-31,6,89455,14909.16667
2008-04-01,8,134812,16851.5
2008-04-02,10,161542,16154.2
2008-04-03,3,53249,17749.66667
2008-04-04,11,195861,17805.54545
2008-04-05,6,116517,19419.5
2008-04-06,10,172339,17233.9
2008-04-08,11,194754,17704.90909
2008-04-09,9,168544,18727.11111
2008-04-10,3,61199,20399.66667
2008-04-11,12,227974,18997.83333
2008-04-12,9,162688,18076.44444
2008-04-13,6,119600,19933.33333
2008-04-14,8,144779,18097.375
2008-04-15,6,111711,18618.5
2008-04-16,14,263330,18809.28571
2008-04-19,4,75018,18754.5
2008-04-20,4,77216,19304
2008-04-21,2,38720,19360
2008-04-22,3,54171,18057
2008-04-23,3,59697,19899
2008-04-24,3,60107,20035.66667
2008-04-25,3,58066,19355.33333
2008-04-26,4,79654,19913.5
2008-04-27,4,77586,19396.5
2008-04-28,3,56799,18933
2008-04-29,4,77402,19350.5
2008-04-30,2,39186,19593
2008-05-01,1,14130,14130
2008-05-02,3,60509,20169.66667
2008-05-03,2,40116,20058
2008-05-04,2,37621,18810.5
2008-05-05,2,40003,20001.5
2008-05-06,1,18624,18624
2008-05-07,2,36516,18258
2008-05-08,2,37421,18710.5
2008-05-09,1,19911,19911
2008-05-10,2,38081,19040.5
2008-05-11,2,38708,19354
2008-05-12,1,20562,20562
2008-05-13,2,40322,20161
2008-05-14,2,37621,18810.5
2008-05-15,1,18797,18797
2008-05-16,2,40473,20236.5
2008-05-18,1,18624,18624
2008-05-19,1,18235,18235
2008-05-20,1,18624,18624
2008-05-21,1,18997,18997
2008-05-22,1,18624,18624
2008-05-23,1,18997,18997
2008-05-24,1,22076,22076
2008-05-25,1,18797,18797
2008-05-26,1,22076,22076
2008-05-27,1,18797,18797
2008-05-28,1,18624,18624
2008-05-29,1,18997,18997
2008-05-30,1,22076,22076
2008-06-05,1,18624,18624
2008-06-08,1,18624,18624
2008-06-10,1,18997,18997
2008-06-12,1,18997,18997
2008-06-15,1,18997,18997
2008-06-17,1,18624,18624
2008-10-28,3,59383,19794.33333
2008-10-29,12,227271,18939.25
2008-10-30,3,59050,19683.33333
2008-10-31,7,117814,16830.57143
2008-11-01,14,261759,18697.07143
2008-11-02,2,36353,18176.5
2008-11-03,6,79485,13247.5
2008-11-04,3,50919,16973
2008-11-05,13,214864,16528
2008-11-06,2,37018,18509
2008-11-07,13,231297,17792.07692
2008-11-08,6,109466,18244.33333
2008-11-09,8,131457,16432.125
2008-11-10,5,76449,15289.8
2008-11-11,8,130977,16372.125
2008-11-12,11,172451,15677.36364
2008-11-13,3,60790,20263.33333
2008-11-14,12,192224,16018.66667
2008-11-15,8,135726,16965.75
2008-11-16,6,98552,16425.33333
2008-11-17,3,53018,17672.66667
2008-11-18,10,153832,15383.2
2008-11-19,10,170734,17073.4
2008-11-20,2,37046,18523
2008-11-21,13,224393,17261
2008-11-22,9,153810,17090
2008-11-23,5,90631,18126.2
2008-11-24,7,113184,16169.14286
2008-11-25,5,91744,18348.8
2008-11-26,13,223344,17180.30769
2008-11-27,2,28858,14429
2008-11-28,11,210893,19172.09091
2008-11-29,11,183275,16661.36364
2008-11-30,5,90257,18051.4
2008-12-01,3,46632,15544
2008-12-02,8,132916,16614.5
2008-12-03,11,175286,15935.09091
2008-12-04,2,35679,17839.5
2008-12-05,11,189685,17244.09091
2008-12-06,10,167690,16769
2008-12-07,4,72533,18133.25
2008-12-08,4,58791,14697.75
2008-12-09,9,156528,17392
2008-12-10,9,153448,17049.77778
2008-12-11,3,59820,19940
2008-12-12,11,204509,18591.72727
2008-12-13,10,172891,17289.1
2008-12-14,4,67224,16806
2008-12-15,9,147277,16364.11111
2008-12-16,6,96470,16078.33333
2008-12-17,9,146462,16273.55556
2008-12-18,2,38111,19055.5
2008-12-19,12,205043,17086.91667
2008-12-20,10,160960,16096
2008-12-21,4,68575,17143.75
2008-12-22,6,104297,17382.83333
2008-12-23,12,207806,17317.16667
2008-12-25,5,96085,19217
2008-12-26,10,179684,17968.4
2008-12-27,8,141768,17721
2008-12-28,6,106410,17735
2008-12-29,8,147121,18390.125
2008-12-30,9,152094,16899.33333
2008-12-31,6,113294,18882.33333
2009-01-02,15,271829,18121.93333
2009-01-03,7,122233,17461.85714
2009-01-04,6,107954,17992.33333
2009-01-05,5,78679,15735.8
2009-01-06,8,133475,16684.375
2009-01-07,12,196035,16336.25
2009-01-08,2,37652,18826
2009-01-09,12,213276,17773
2009-01-10,6,114527,19087.83333
2009-01-11,7,119955,17136.42857
2009-01-12,6,100190,16698.33333
2009-01-13,7,110358,15765.42857
2009-01-14,11,189138,17194.36364
2009-01-15,3,53194,17731.33333
2009-01-16,10,167533,16753.3
2009-01-17,9,173535,19281.66667
2009-01-18,2,38936,19468
2009-01-19,12,211432,17619.33333
2009-01-20,4,73645,18411.25
2009-01-21,11,188262,17114.72727
2009-01-22,2,36458,18229
2009-01-23,10,185029,18502.9
2009-01-24,6,107512,17918.66667
2009-01-25,9,159563,17729.22222
2009-01-26,7,118481,16925.85714
2009-01-27,5,88269,17653.8
2009-01-28,12,195408,16284
2009-01-29,2,35883,17941.5
2009-01-30,11,197128,17920.72727
2009-01-31,10,179191,17919.1
2009-02-01,4,71317,17829.25
2009-02-02,8,135060,16882.5
2009-02-03,6,93699,15616.5
2009-02-04,11,187805,17073.18182
2009-02-05,3,49234,16411.33333
2009-02-06,9,151299,16811
2009-02-07,7,119601,17085.85714
2009-02-08,10,183259,18325.9
2009-02-09,4,52449,13112.25
2009-02-10,9,157657,17517.44444
2009-02-11,12,204186,17015.5
2009-02-12,3,61408,20469.33333
2009-02-17,10,173167,17316.7
2009-02-18,11,187290,17026.36364
2009-02-19,2,41987,20993.5
2009-02-20,11,198843,18076.63636
2009-02-21,5,99015,19803
2009-02-22,9,164967,18329.66667
2009-02-23,6,97230,16205
2009-02-24,8,153391,19173.875
2009-02-25,11,179573,16324.81818
2009-02-26,2,37396,18698
2009-02-27,13,236402,18184.76923
2009-02-28,7,124001,17714.42857
2009-03-01,9,157030,17447.77778
2009-03-02,5,80264,16052.8
2009-03-03,8,128536,16067
2009-03-04,10,187628,18762.8
2009-03-05,2,34031,17015.5
2009-03-06,10,189598,18959.8
2009-03-07,9,164770,18307.77778
2009-03-08,7,122403,17486.14286
2009-03-09,6,103555,17259.16667
2009-03-10,6,94006,15667.66667
2009-03-11,11,188422,17129.27273
2009-03-12,2,37219,18609.5
2009-03-13,11,190741,17340.09091
2009-03-14,6,112409,18734.83333
2009-03-15,11,202882,18443.81818
2009-03-16,5,75848,15169.6
2009-03-17,8,153250,19156.25
2009-03-18,11,178168,16197.09091
2009-03-19,3,57058,19019.33333
2009-03-20,11,206873,18806.63636
2009-03-21,7,131105,18729.28571
2009-03-22,7,124686,17812.28571
2009-03-23,7,124929,17847
2009-03-24,4,78346,19586.5
2009-03-25,11,197291,17935.54545
2009-03-26,3,64612,21537.33333
2009-03-27,10,186149,18614.9
2009-03-28,8,156183,19522.875
2009-03-29,9,162454,18050.44444
2009-03-30,4,70187,17546.75
2009-03-31,9,160824,17869.33333
2009-04-01,9,156166,17351.77778
2009-04-02,3,55782,18594
2009-04-03,10,183255,18325.5
2009-04-04,7,137397,19628.14286
2009-04-05,11,198686,18062.36364
2009-04-07,9,156164,17351.55556
2009-04-08,11,195069,17733.54545
2009-04-09,3,52685,17561.66667
2009-04-10,13,246694,18976.46154
2009-04-11,7,126632,18090.28571
2009-04-12,6,107147,17857.83333
2009-04-13,12,220614,18384.5
2009-04-14,3,54928,18309.33333
2009-04-15,14,258198,18442.71429
2009-04-18,4,78312,19578
2009-04-19,4,74845,18711.25
2009-04-20,2,37421,18710.5
2009-04-21,3,59967,19989
2009-04-22,3,56230,18743.33333
2009-04-23,3,63474,21158
2009-04-24,3,56939,18979.66667
2009-04-25,4,77829,19457.25
2009-04-26,4,79878,19969.5
2009-04-27,3,55833,18611
2009-04-28,4,75344,18836
2009-04-29,2,38795,19397.5
2009-04-30,3,58497,19499
2009-05-01,1,19600,19600
2009-05-02,1,18624,18624
2009-05-03,2,38495,19247.5
2009-05-04,2,37621,18810.5
2009-05-05,2,40452,20226
2009-05-06,2,37621,18810.5
2009-05-07,1,20562,20562
2009-05-08,2,35956,17978
2009-05-09,2,40763,20381.5
2009-05-10,2,35774,17887
2009-05-11,2,39764,19882
2009-05-12,2,37621,18810.5
2009-05-13,1,19962,19962
2009-05-14,2,35962,17981
2009-05-17,2,37621,18810.5
2009-05-19,1,18997,18997
2009-05-20,1,20562,20562
2009-05-21,1,18997,18997
2009-05-22,1,20562,20562
2009-05-23,1,19939,19939
2009-05-24,1,17461,17461
2009-05-25,1,20037,20037
2009-05-26,1,17461,17461
2009-05-27,1,18997,18997
2009-05-28,1,20562,20562
2009-05-29,1,20053,20053
2009-05-30,1,17461,17461
2009-06-04,1,18997,18997
2009-06-07,1,18997,18997
2009-06-09,1,17461,17461
2009-06-11,1,17461,17461
2009-06-14,1,17461,17461
2009-10-27,4,79833,19958.25
2009-10-28,12,220914,18409.5
2009-10-29,2,41630,20815
2009-10-30,13,231286,17791.23077
2009-10-31,7,124285,17755
2009-11-01,7,119752,17107.42857
2009-11-02,5,79985,15997
2009-11-03,9,151074,16786
2009-11-04,10,167579,16757.9
2009-11-05,2,40359,20179.5
2009-11-06,13,217894,16761.07692
2009-11-07,7,124715,17816.42857
2009-11-08,6,99596,16599.33333
2009-11-09,5,77502,15500.4
2009-11-10,6,90710,15118.33333
2009-11-11,13,202015,15539.61538
2009-11-12,2,38597,19298.5
2009-11-13,9,140218,15579.77778
2009-11-14,10,175249,17524.9
2009-11-15,4,71532,17883
2009-11-16,3,44121,14707
2009-11-17,8,123926,15490.75
2009-11-18,12,191838,15986.5
2009-11-19,3,51036,17012
2009-11-20,10,177969,17796.9
2009-11-21,9,153011,17001.22222
2009-11-22,6,105645,17607.5
2009-11-23,4,61984,15496
2009-11-24,6,104870,17478.33333
2009-11-25,12,197366,16447.16667
2009-11-26,2,37238,18619
2009-11-27,12,211039,17586.58333
2009-11-28,5,92053,18410.6
2009-11-29,10,165869,16586.9
2009-11-30,4,68510,17127.5
2009-12-01,6,104652,17442
2009-12-02,10,148376,14837.6
2009-12-03,3,50011,16670.33333
2009-12-04,10,170875,17087.5
2009-12-05,9,162102,18011.33333
2009-12-06,5,82533,16506.6
2009-12-07,4,75326,18831.5
2009-12-08,8,131862,16482.75
2009-12-09,9,129679,14408.77778
2009-12-10,3,56084,18694.66667
2009-12-11,11,184604,16782.18182
2009-12-12,8,137904,17238
2009-12-13,5,80258,16051.6
2009-12-14,7,112809,16115.57143
2009-12-15,7,124141,17734.42857
2009-12-16,12,183778,15314.83333
2009-12-17,3,58653,19551
2009-12-18,11,188252,17113.81818
2009-12-19,9,147473,16385.88889
2009-12-20,7,125488,17926.85714
2009-12-21,5,85600,17120
2009-12-22,9,150772,16752.44444
2009-12-23,10,164261,16426.1
2009-12-25,5,93594,18718.8
2009-12-26,10,177327,17732.7
2009-12-27,6,118541,19756.83333
2009-12-28,7,118248,16892.57143
2009-12-29,7,137030,19575.71429
2009-12-30,10,172825,17282.5
2009-12-31,5,92423,18484.6
2010-01-01,3,53428,17809.33333
2010-01-02,12,210052,17504.33333
2010-01-03,5,96800,19360
2010-01-04,4,70353,17588.25
2010-01-05,9,135624,15069.33333
2010-01-06,10,170268,17026.8
2010-01-07,1,19763,19763
2010-01-08,12,208137,17344.75
2010-01-09,8,141167,17645.875
2010-01-10,6,111271,18545.16667
2010-01-11,9,148012,16445.77778
2010-01-12,5,69018,13803.6
2010-01-13,11,171070,15551.81818
2010-01-14,2,38535,19267.5
2010-01-15,13,227981,17537
2010-01-16,8,138642,17330.25
2010-01-17,2,38523,19261.5
2010-01-18,12,197709,16475.75
2010-01-19,2,35548,17774
2010-01-20,13,197959,15227.61538
2010-01-21,2,35905,17952.5
2010-01-22,13,225846,17372.76923
2010-01-23,10,186919,18691.9
2010-01-24,3,51885,17295
2010-01-25,9,151724,16858.22222
2010-01-26,5,88327,17665.4
2010-01-27,11,182652,16604.72727
2010-01-28,3,54144,18048
2010-01-29,12,209485,17457.08333
2010-01-30,6,98992,16498.66667
2010-01-31,9,152632,16959.11111
2010-02-01,7,123585,17655
2010-02-02,7,108171,15453
2010-02-03,11,183229,16657.18182
2010-02-04,2,41134,20567
2010-02-05,10,172539,17253.9
2010-02-06,11,209227,19020.63636
2010-02-07,2,36631,18315.5
2010-02-08,3,53473,17824.33333
2010-02-09,11,171026,15547.81818
2010-02-10,10,165847,16584.7
2010-02-11,2,39173,19586.5
2010-02-16,10,163106,16310.6
2010-02-17,11,172122,15647.45455
2010-02-18,2,39559,19779.5
2010-02-19,12,208472,17372.66667
2010-02-20,7,133014,19002
2010-02-21,9,153970,17107.77778
2010-02-22,5,89264,17852.8
2010-02-23,8,131172,16396.5
2010-02-24,11,183819,16710.81818
2010-02-25,3,51295,17098.33333
2010-02-26,12,215834,17986.16667
2010-02-27,7,131835,18833.57143
2010-02-28,8,134449,16806.125
2010-03-01,9,143383,15931.44444
2010-03-02,4,69843,17460.75
2010-03-03,12,207992,17332.66667
2010-03-04,3,56699,18899.66667
2010-03-05,11,200563,18233
2010-03-06,9,168815,18757.22222
2010-03-07,6,102590,17098.33333
2010-03-08,5,78538,15707.6
2010-03-09,8,130415,16301.875
2010-03-10,9,145594,16177.11111
2010-03-11,3,48394,16131.33333
2010-03-12,12,204882,17073.5
2010-03-13,7,128868,18409.71429
2010-03-14,8,139055,17381.875
2010-03-15,6,103822,17303.66667
2010-03-16,8,131397,16424.625
2010-03-17,11,191680,17425.45455
2010-03-18,2,38029,19014.5
2010-03-19,11,200411,18219.18182
2010-03-20,7,119453,17064.71429
2010-03-21,7,125886,17983.71429
2010-03-22,10,156883,15688.3
2010-03-23,4,69319,17329.75
2010-03-24,11,173308,15755.27273
2010-03-25,3,57404,19134.66667
2010-03-26,11,187522,17047.45455
2010-03-27,5,90066,18013.2
2010-03-28,10,184716,18471.6
2010-03-29,5,85789,17157.8
2010-03-30,5,78033,15606.6
2010-03-31,13,227097,17469
2010-04-01,2,39120,19560
2010-04-02,10,186020,18602
2010-04-03,9,154249,17138.77778
2010-04-04,8,131190,16398.75
2010-04-06,9,151072,16785.77778
2010-04-07,13,225767,17366.69231
2010-04-08,3,53169,17723
2010-04-09,13,236675,18205.76923
2010-04-10,8,144197,18024.625
2010-04-11,7,131130,18732.85714
2010-04-12,11,196523,17865.72727
2010-04-13,4,77298,19324.5
2010-04-14,14,258963,18497.35714
2010-04-17,4,77070,19267.5
2010-04-18,4,75252,18813
2010-04-19,2,39717,19858.5
2010-04-20,4,74981,18745.25
2010-04-21,2,38189,19094.5
2010-04-22,3,61604,20534.66667
2010-04-23,3,57992,19330.66667
2010-04-24,4,76806,19201.5
2010-04-25,4,81070,20267.5
2010-04-26,3,56225,18741.66667
2010-04-27,4,78740,19685
2010-04-28,2,38459,19229.5
2010-04-29,2,38894,19447
2010-04-30,3,56970,18990
2010-05-01,1,20562,20562
2010-05-02,2,38238,19119
2010-05-03,2,38984,19492
2010-05-04,2,36458,18229
2010-05-05,1,18422,18422
2010-05-06,1,17461,17461
2010-05-07,2,37205,18602.5
2010-05-08,2,38640,19320
2010-05-09,2,37205,18602.5
2010-05-10,2,38640,19320
2010-05-11,1,20562,20562
2010-05-13,1,18624,18624
2010-05-16,1,17461,17461
2010-05-17,1,18997,18997
2010-05-18,1,17461,17461
2010-05-19,1,18997,18997
2010-05-22,1,18624,18624
2010-05-23,1,18422,18422
2010-05-24,1,18624,18624
2010-05-25,1,18422,18422
2010-05-26,1,17461,17461
2010-05-27,1,18997,18997
2010-05-28,1,18624,18624
2010-05-29,1,18422,18422
2010-06-03,1,18997,18997
2010-06-06,1,18997,18997
2010-06-08,1,18624,18624
2010-06-10,1,18624,18624
2010-06-13,1,18624,18624
2010-06-15,1,18997,18997
2010-06-17,1,18997,18997
2010-10-26,3,58224,19408
2010-10-27,13,236665,18205
2010-10-28,2,38829,19414.5
2010-10-29,12,204365,17030.41667
2010-10-30,9,164271,18252.33333
2010-10-31,4,68004,17001
2010-11-01,3,53338,17779.33333
2010-11-02,6,105362,17560.33333
2010-11-03,12,188167,15680.58333
2010-11-04,2,41814,20907
2010-11-05,12,199366,16613.83333
2010-11-06,9,160956,17884
2010-11-07,6,97201,16200.16667
2010-11-08,6,99460,16576.66667
2010-11-09,7,106228,15175.42857
2010-11-10,10,157068,15706.8
2010-11-11,3,59945,19981.66667
2010-11-12,9,153597,17066.33333
2010-11-13,9,159845,17760.55556
2010-11-14,5,81367,16273.4
2010-11-15,7,121063,17294.71429
2010-11-16,7,105442,15063.14286
2010-11-17,10,165630,16563
2010-11-18,3,51837,17279
2010-11-19,11,188804,17164
2010-11-20,9,152484,16942.66667
2010-11-21,4,61948,15487
2010-11-22,8,138944,17368
2010-11-23,6,100330,16721.66667
2010-11-24,11,182831,16621
2010-11-25,2,26546,13273
2010-11-26,12,218369,18197.41667
2010-11-27,8,134603,16825.375
2010-11-28,8,124094,15511.75
2010-11-29,4,75735,18933.75
2010-11-30,7,119169,17024.14286
2010-12-01,12,197575,16464.58333
2010-12-02,2,38890,19445
2010-12-03,13,210180,16167.69231
2010-12-04,6,98983,16497.16667
2010-12-05,8,134528,16816
2010-12-06,7,122985,17569.28571
2010-12-07,7,114211,16315.85714
2010-12-08,11,181502,16500.18182
2010-12-09,3,57833,19277.66667
2010-12-10,11,185747,16886.09091
2010-12-11,8,135151,16893.875
2010-12-12,6,103056,17176
2010-12-13,5,90250,18050
2010-12-14,7,98948,14135.42857
2010-12-15,11,185045,16822.27273
2010-12-16,3,45578,15192.66667
2010-12-17,11,185692,16881.09091
2010-12-18,8,151838,18979.75
2010-12-19,6,98108,16351.33333
2010-12-20,9,157407,17489.66667
2010-12-21,6,104304,17384
2010-12-22,9,151594,16843.77778
2010-12-23,3,49698,16566
2010-12-25,5,95572,19114.4
2010-12-26,7,126379,18054.14286
2010-12-27,10,159388,15938.8
2010-12-28,7,137102,19586
2010-12-29,11,191237,17385.18182
2010-12-30,3,60346,20115.33333
2010-12-31,8,142666,17833.25
2011-01-01,8,139334,17416.75
2011-01-02,7,128974,18424.85714
2011-01-03,6,107183,17863.83333
2011-01-04,7,124016,17716.57143
2011-01-05,11,183585,16689.54545
2011-01-06,2,33466,16733
2011-01-07,11,184395,16763.18182
2011-01-08,8,139678,17459.75
2011-01-09,7,126430,18061.42857
2011-01-10,3,50219,16739.66667
2011-01-11,6,92800,15466.66667
2011-01-12,12,189101,15758.41667
2011-01-13,3,48795,16265
2011-01-14,11,193916,17628.72727
2011-01-15,9,158671,17630.11111
2011-01-16,2,38486,19243
2011-01-17,13,217422,16724.76923
2011-01-18,2,40863,20431.5
2011-01-19,13,221662,17050.92308
2011-01-20,3,56353,18784.33333
2011-01-21,10,171762,17176.2
2011-01-22,13,238762,18366.30769
2011-01-23,1,17047,17047
2011-01-24,10,167419,16741.9
2011-01-25,5,88061,17612.2
2011-01-26,10,153199,15319.9
2011-01-27,3,60557,20185.66667
2011-01-28,12,214917,17909.75
2011-01-29,8,140253,17531.625
2011-01-30,7,127529,18218.42857
2011-01-31,7,113851,16264.42857
2011-02-01,4,69764,17441
2011-02-02,11,178276,16206.90909
2011-02-03,3,55950,18650
2011-02-04,12,201946,16828.83333
2011-02-05,9,161082,17898
2011-02-06,4,71256,17814
2011-02-07,8,135116,16889.5
2011-02-08,7,113144,16163.42857
2011-02-09,10,157539,15753.9
2011-02-10,3,51628,17209.33333
2011-02-11,10,175076,17507.6
2011-02-12,8,139978,17497.25
2011-02-13,8,144820,18102.5
2011-02-14,6,85553,14258.83333
2011-02-15,6,103990,17331.66667
2011-02-16,12,217427,18118.91667
2011-02-17,2,40075,20037.5
2011-02-22,9,144093,16010.33333
2011-02-23,12,206850,17237.5
2011-02-24,2,41548,20774
2011-02-25,12,220554,18379.5
2011-02-26,6,109234,18205.66667
2011-02-27,10,180338,18033.8
2011-02-28,5,87100,17420
2011-03-01,8,119128,14891
2011-03-02,10,168901,16890.1
2011-03-03,2,39124,19562
2011-03-04,11,194548,17686.18182
2011-03-05,6,111429,18571.5
2011-03-06,9,160288,17809.77778
2011-03-07,7,116951,16707.28571
2011-03-08,6,102663,17110.5
2011-03-09,11,172076,15643.27273
2011-03-10,3,57968,19322.66667
2011-03-11,9,169395,18821.66667
2011-03-12,9,167666,18629.55556
2011-03-13,6,110634,18439
2011-03-14,9,153558,17062
2011-03-15,4,70488,17622
2011-03-16,11,182551,16595.54545
2011-03-17,3,58349,19449.66667
2011-03-18,12,221979,18498.25
2011-03-19,6,113403,18900.5
2011-03-20,9,163429,18158.77778
2011-03-21,7,122160,17451.42857
2011-03-22,3,57824,19274.66667
2011-03-23,12,214316,17859.66667
2011-03-24,2,39136,19568
2011-03-25,13,246386,18952.76923
2011-03-26,6,113091,18848.5
2011-03-27,9,164799,18311
2011-03-28,6,108580,18096.66667
2011-03-29,4,66405,16601.25
2011-03-30,13,208953,16073.30769
2011-03-31,2,37580,18790
2011-04-01,13,234736,18056.61538
2011-04-02,5,91822,18364.4
2011-04-03,11,198560,18050.90909
2011-04-05,13,236667,18205.15385
2011-04-06,12,204310,17025.83333
2011-04-07,2,41898,20949
2011-04-08,12,216362,18030.16667
2011-04-09,5,94534,18906.8
2011-04-10,9,162467,18051.88889
2011-04-11,11,177955,16177.72727
2011-04-12,3,59422,19807.33333
2011-04-13,15,279994,18666.26667
2011-04-16,4,82235,20558.75
2011-04-17,4,74405,18601.25
2011-04-18,2,42684,21342
2011-04-19,3,58404,19468
2011-04-20,3,55960,18653.33333
2011-04-21,3,58786,19595.33333
2011-04-22,3,57968,19322.66667
2011-04-23,4,76599,19149.75
2011-04-24,4,76384,19096
2011-04-25,3,58111,19370.33333
2011-04-26,3,60910,20303.33333
2011-04-27,3,56680,18893.33333
2011-04-28,3,57725,19241.66667
2011-04-29,1,18119,18119
2011-05-01,2,38224,19112
2011-05-02,2,41887,20943.5
2011-05-03,2,38307,19153.5
2011-05-04,2,41869,20934.5
2011-05-06,2,40677,20338.5
2011-05-07,2,36743,18371.5
2011-05-08,2,40350,20175
2011-05-09,2,36743,18371.5
2011-05-10,1,22980,22980
2011-05-11,2,38411,19205.5
2011-05-12,1,19378,19378
2011-05-13,1,18119,18119
2011-05-15,2,41077,20538.5
2011-05-17,1,20911,20911
2011-05-18,1,23007,23007
2011-05-19,1,21051,21051
2011-05-21,1,18203,18203
2011-05-22,1,20123,20123
2011-05-23,1,18203,18203
2011-05-24,1,20125,20125
2011-05-25,1,21092,21092
2011-05-26,1,23057,23057
2011-05-31,1,20003,20003
2011-06-02,1,20003,20003
2011-06-05,1,20340,20340
2011-06-07,1,20430,20430
2011-06-09,1,20433,20433
2011-06-12,1,20003,20003
2011-12-25,5,96980,19396
2011-12-26,12,225441,18786.75
2011-12-27,5,95576,19115.2
2011-12-28,10,188853,18885.3
2011-12-29,6,112269,18711.5
2011-12-30,11,193916,17628.72727
2011-12-31,7,113442,16206
2012-01-01,9,161125,17902.77778
2012-01-02,10,161820,16182
2012-01-03,6,103686,17281
2012-01-04,12,201076,16756.33333
2012-01-05,4,69209,17302.25
2012-01-06,12,211456,17621.33333
2012-01-07,10,170713,17071.3
2012-01-08,6,98157,16359.5
2012-01-09,6,90263,15043.83333
2012-01-10,11,169201,15381.90909
2012-01-11,11,188945,17176.81818
2012-01-12,5,69776,13955.2
2012-01-13,11,185383,16853
2012-01-14,11,184047,16731.54545
2012-01-15,3,46563,15521
2012-01-16,11,184393,16763
2012-01-17,7,112860,16122.85714
2012-01-18,11,174873,15897.54545
2012-01-19,3,50760,16920
2012-01-20,11,191180,17380
2012-01-21,10,174157,17415.7
2012-01-22,5,83510,16702
2012-01-23,10,168934,16893.4
2012-01-24,5,85168,17033.6
2012-01-25,13,220630,16971.53846
2012-01-26,2,38227,19113.5
2012-01-27,13,230009,17693
2012-01-28,6,107363,17893.83333
2012-01-29,8,144113,18014.125
2012-01-30,9,148809,16534.33333
2012-01-31,7,112487,16069.57143
2012-02-01,11,190172,17288.36364
2012-02-02,6,101142,16857
2012-02-03,10,176328,17632.8
2012-02-04,13,234194,18014.92308
2012-02-05,2,38426,19213
2012-02-06,10,162319,16231.9
2012-02-07,6,94955,15825.83333
2012-02-08,11,178305,16209.54545
2012-02-09,4,67023,16755.75
2012-02-10,12,215263,17938.58333
2012-02-11,8,142226,17778.25
2012-02-12,6,102980,17163.33333
2012-02-13,6,102472,17078.66667
2012-02-14,9,160399,17822.11111
2012-02-15,13,215607,16585.15385
2012-02-16,3,54374,18124.66667
2012-02-17,11,196757,17887
2012-02-18,4,79303,19825.75
2012-02-19,10,177520,17752
2012-02-20,11,194913,17719.36364
2012-02-21,5,78860,15772
2012-02-22,13,221928,17071.38462
2012-02-23,4,71798,17949.5
2012-02-28,9,142111,15790.11111
2012-02-29,12,208063,17338.58333
2012-03-01,4,70026,17506.5
2012-03-02,11,196015,17819.54545
2012-03-03,7,129844,18549.14286
2012-03-04,8,139177,17397.125
2012-03-05,9,153901,17100.11111
2012-03-06,6,105408,17568
2012-03-07,13,220772,16982.46154
2012-03-08,2,37625,18812.5
2012-03-09,10,178988,17898.8
2012-03-10,9,165579,18397.66667
2012-03-11,8,143480,17935
2012-03-12,7,123053,17579
2012-03-13,8,128261,16032.625
2012-03-14,12,200778,16731.5
2012-03-15,5,90334,18066.8
2012-03-16,11,204860,18623.63636
2012-03-17,8,143214,17901.75
2012-03-18,8,138581,17322.625
2012-03-19,6,95735,15955.83333
2012-03-20,7,122897,17556.71429
2012-03-21,10,167785,16778.5
2012-03-22,6,95861,15976.83333
2012-03-23,11,197980,17998.18182
2012-03-24,9,162663,18073.66667
2012-03-25,8,145915,18239.375
2012-03-26,9,151091,16787.88889
2012-03-27,7,121978,17425.42857
2012-03-28,10,157337,15733.7
2012-03-29,4,71097,17774.25
2012-03-30,12,222386,18532.16667
2012-03-31,8,144673,18084.125
2012-04-01,8,145837,18229.625
2012-04-02,6,109181,18196.83333
2012-04-03,8,128966,16120.75
2012-04-04,12,208978,17414.83333
2012-04-05,4,68613,17153.25
2012-04-06,11,192248,17477.09091
2012-04-07,9,156229,17358.77778
2012-04-08,7,119828,17118.28571
2012-04-09,10,162129,16212.9
2012-04-10,6,106633,17772.16667
2012-04-11,11,188316,17119.63636
2012-04-12,5,86369,17273.8
2012-04-13,12,215312,17942.66667
2012-04-14,7,125437,17919.57143
2012-04-15,9,151065,16785
2012-04-16,11,187237,17021.54545
2012-04-17,5,86033,17206.6
2012-04-18,14,237520,16965.71429
2012-04-19,5,77878,15575.6
2012-04-20,6,105001,17500.16667
2012-04-21,8,145104,18138
2012-04-22,9,155369,17263.22222
2012-04-23,6,97602,16267
2012-04-24,5,92559,18511.8
2012-04-25,7,124030,17718.57143
2012-04-26,13,227475,17498.07692
2012-04-28,4,77932,19483
2012-04-29,4,74989,18747.25
2012-04-30,3,56052,18684
2012-05-01,3,60372,20124
2012-05-02,3,55546,18515.33333
2012-05-03,2,40403,20201.5
2012-05-04,3,58160,19386.66667
2012-05-05,4,78350,19587.5
2012-05-06,4,77954,19488.5
2012-05-07,2,39078,19539
2012-05-08,4,78574,19643.5
2012-05-09,2,37873,18936.5
2012-05-10,3,58756,19585.33333
2012-05-11,1,19060,19060
2012-05-12,2,37621,18810.5
2012-05-13,2,37719,18859.5
2012-05-14,2,36827,18413.5
2012-05-15,2,38409,19204.5
2012-05-16,2,38554,19277
2012-05-17,2,36746,18373
2012-05-18,2,39408,19704
2012-05-19,2,38057,19028.5
2012-05-20,2,37225,18612.5
2012-05-21,2,36827,18413.5
2012-05-22,1,20097,20097
2012-05-23,1,20403,20403
2012-05-24,1,18165,18165
2012-05-26,1,18624,18624
2012-05-27,1,18581,18581
2012-05-28,1,19912,19912
2012-05-29,1,18581,18581
2012-05-30,1,19973,19973
2012-05-31,1,18203,18203
2012-06-01,1,18624,18624
2012-06-02,1,18203,18203
2012-06-03,1,18624,18624
2012-06-04,1,18581,18581
2012-06-05,1,20021,20021
2012-06-06,1,18203,18203
2012-06-07,1,18624,18624
2012-06-09,1,20114,20114
2012-06-12,1,18203,18203
2012-06-14,1,18203,18203
2012-06-17,1,20003,20003
2012-06-19,1,20003,20003
2012-06-21,1,20003,20003
2012-10-30,3,59855,19951.66667
2012-10-31,9,164991,18332.33333
2012-11-01,1,18581,18581
2012-11-02,12,219833,18319.41667
2012-11-03,10,190424,19042.4
2012-11-04,5,90009,18001.8
2012-11-05,8,139857,17482.125
2012-11-06,3,58574,19524.66667
2012-11-07,13,204829,15756.07692
2012-11-08,2,42162,21081
2012-11-09,13,214946,16534.30769
2012-11-10,9,158342,17593.55556
2012-11-11,5,90902,18180.4
2012-11-12,8,138330,17291.25
2012-11-13,6,88114,14685.66667
2012-11-14,10,160204,16020.4
2012-11-15,3,55468,18489.33333
2012-11-16,9,142735,15859.44444
2012-11-17,8,139220,17402.5
2012-11-18,8,134377,16797.125
2012-11-19,7,113002,16143.14286
2012-11-20,3,46667,15555.66667
2012-11-21,14,230823,16487.35714
2012-11-23,12,208673,17389.41667
2012-11-24,8,135334,16916.75
2012-11-25,6,102332,17055.33333
2012-11-26,8,132832,16604
2012-11-27,5,71439,14287.8
2012-11-28,11,166261,15114.63636
2012-11-29,2,37330,18665
2012-11-30,11,182196,16563.27273
2012-12-01,10,180301,18030.1
2012-12-02,2,38030,19015
2012-12-03,6,88718,14786.33333
2012-12-04,6,103164,17194
2012-12-05,11,177824,16165.81818
2012-12-06,2,37257,18628.5
2012-12-07,12,196001,16333.41667
2012-12-08,10,180487,18048.7
2012-12-09,6,105248,17541.33333
2012-12-10,6,98553,16425.5
2012-12-11,5,78816,15763.2
2012-12-12,13,209474,16113.38462
2012-12-13,3,51241,17080.33333
2012-12-14,11,179063,16278.45455
2012-12-15,10,174026,17402.6
2012-12-16,4,70300,17575
2012-12-17,6,98161,16360.16667
2012-12-18,10,173464,17346.4
2012-12-19,11,178109,16191.72727
2012-12-20,3,57256,19085.33333
2012-12-21,10,175979,17597.9
2012-12-22,9,155117,17235.22222
2012-12-23,6,101052,16842
2012-12-25,5,98685,19737
2012-12-26,12,209811,17484.25
2012-12-27,2,37755,18877.5
2012-12-28,12,218227,18185.58333
2012-12-29,11,208098,18918
2012-12-30,4,68563,17140.75
2012-12-31,6,111220,18536.66667
2013-01-01,6,96528,16088
2013-01-02,12,205437,17119.75
2013-01-03,2,35954,17977
2013-01-04,11,187946,17086
2013-01-05,10,181874,18187.4
2013-01-06,5,82019,16403.8
2013-01-07,7,118595,16942.14286
2013-01-08,5,81469,16293.8
2013-01-09,11,184598,16781.63636
2013-01-10,3,51115,17038.33333
2013-01-11,11,182308,16573.45455
2013-01-12,8,140042,17505.25
2013-01-13,7,126341,18048.71429
2013-01-14,8,137081,17135.125
2013-01-15,6,97877,16312.83333
2013-01-16,10,176844,17684.4
2013-01-17,4,69847,17461.75
2013-01-18,9,158878,17653.11111
2013-01-19,8,149248,18656
2013-01-20,4,74722,18680.5
2013-01-21,9,152165,16907.22222
2013-01-22,4,58521,14630.25
2013-01-23,11,191679,17425.36364
2013-01-24,3,51786,17262
2013-01-25,10,172896,17289.6
2013-01-26,10,186343,18634.3
2013-01-27,7,130255,18607.85714
2013-01-28,7,116991,16713
2013-01-29,4,67303,16825.75
2013-01-30,12,198254,16521.16667
2013-01-31,2,37799,18899.5
2013-02-01,12,213575,17797.91667
2013-02-02,9,162150,18016.66667
2013-02-03,3,56581,18860.33333
2013-02-04,8,137065,17133.125
2013-02-05,5,75968,15193.6
2013-02-06,13,211343,16257.15385
2013-02-07,2,37949,18974.5
2013-02-08,12,206767,17230.58333
2013-02-09,5,87669,17533.8
2013-02-10,9,158436,17604
2013-02-11,8,122115,15264.375
2013-02-12,6,108637,18106.16667
2013-02-13,12,186551,15545.91667
2013-02-14,2,37200,18600
2013-02-19,9,148212,16468
2013-02-20,11,189160,17196.36364
2013-02-21,2,41983,20991.5
2013-02-22,12,214135,17844.58333
2013-02-23,7,131588,18798.28571
2013-02-24,9,161008,17889.77778
2013-02-25,4,68188,17047
2013-02-26,8,140647,17580.875
2013-02-27,10,170021,17002.1
2013-02-28,3,58738,19579.33333
2013-03-01,12,217550,18129.16667
2013-03-02,4,76898,19224.5
2013-03-03,9,159583,17731.44444
2013-03-04,7,118631,16947.28571
2013-03-05,3,46315,15438.33333
2013-03-06,14,228759,16339.92857
2013-03-07,2,37890,18945
2013-03-08,12,220823,18401.91667
2013-03-09,7,125326,17903.71429
2013-03-10,9,157886,17542.88889
2013-03-11,5,89131,17826.2
2013-03-12,8,134191,16773.875
2013-03-13,11,195706,17791.45455
2013-03-14,2,39217,19608.5
2013-03-15,10,179355,17935.5
2013-03-16,6,109957,18326.16667
2013-03-17,8,143045,17880.625
2013-03-18,11,173937,15812.45455
2013-03-19,4,60506,15126.5
2013-03-20,11,184704,16791.27273
2013-03-21,3,53277,17759
2013-03-22,11,198400,18036.36364
2013-03-23,7,134278,19182.57143
2013-03-24,8,140983,17622.875
2013-03-25,6,99167,16527.83333
2013-03-26,3,55792,18597.33333
2013-03-27,14,250609,17900.64286
2013-03-28,3,52007,17335.66667
2013-03-29,11,204451,18586.45455
2013-03-30,10,175990,17599
2013-03-31,5,84846,16969.2
2013-04-01,8,130637,16329.625
2013-04-02,3,56616,18872
2013-04-03,12,201777,16814.75
2013-04-04,3,55090,18363.33333
2013-04-05,12,221084,18423.66667
2013-04-06,7,126765,18109.28571
2013-04-07,9,164322,18258
2013-04-09,10,184292,18429.2
2013-04-10,10,177390,17739
2013-04-11,2,42060,21030
2013-04-12,14,263771,18840.78571
2013-04-13,4,66922,16730.5
2013-04-14,8,148760,18595
2013-04-15,11,194218,17656.18182
2013-04-16,2,34383,17191.5
2013-04-17,15,275261,18350.73333
2013-04-20,4,75293,18823.25
2013-04-21,4,74955,18738.75
2013-04-22,2,37008,18504
2013-04-23,3,58285,19428.33333
2013-04-24,3,54949,18316.33333
2013-04-25,3,57956,19318.66667
2013-04-26,3,57217,19072.33333
2013-04-27,4,76278,19069.5
2013-04-28,4,75934,18983.5
2013-04-29,3,54054,18018
2013-04-30,2,38539,19269.5
2013-05-01,3,55401,18467
2013-05-02,2,41406,20703
2013-05-03,4,73338,18334.5
2013-05-04,1,17732,17732
2013-05-05,2,37236,18618
2013-05-06,2,38266,19133
2013-05-07,2,37236,18618
2013-05-08,2,38398,19199
2013-05-10,2,42271,21135.5
2013-05-11,2,36284,18142
2013-05-12,1,19596,19596
2013-05-13,2,40109,20054.5
2013-05-14,2,36746,18373
2013-05-15,2,38228,19114
2013-05-16,2,38629,19314.5
2013-05-18,1,18165,18165
2013-05-19,1,18581,18581
2013-05-21,1,18581,18581
2013-05-22,1,19679,19679
2013-05-24,1,20022,20022
2013-05-25,1,18119,18119
2013-05-26,1,18165,18165
2013-05-27,1,18119,18119
2013-05-28,1,18165,18165
2013-05-30,1,19913,19913
2013-06-01,1,18165,18165
2013-06-03,1,20025,20025
2013-06-06,1,19775,19775
2013-06-09,1,19900,19900
2013-06-11,1,18581,18581
2013-06-13,1,18581,18581
2013-06-16,1,18581,18581
2013-06-18,1,19900,19900
2013-06-20,1,19900,19900
